coordinates,Aki,Paper,Seq
axolotl_CM010931.2aa:52111537-52112613--1,Axo_1,axolotl_54,gtcgtgaaaagcttgaattcggcgcgcccatccctgccatggccgctgttacctatccttcatccgtgcctacgaccttggaccctgggaATGCCATTTAACTTCTGCCTGATCTCAGAAGGTTCAGTAGAAGTGGAACTCAGCACACGATCTCCTGTTGATAGAAAGATTTTGGTGGGATCTGGAGTCCAATGTTGCGGAGGGGAAATGATGACACTGGCATATGCAATCTTGGTTTCCCTTCACGTGATCTCCTTGGTGACTGGACTGATGGGAAACGTGTTCATCCTCACTGTGAATTTCATTGAGAGGCTCCGAAGCAACAGCGATTTCGGCTCTTCTGAACTCATCCTCTGCAGTCTTGCTTTCTCTAACATTGGACATGTGTGTGTTTTCTTTGTACTACAAACCAGTCCGATGTTATTTCAAGCACTCTATTTACTGGACAGAGTTGTGAATGGATTCATTGTTACTCTGCTTTGGCTTCGCTGCTGTAGCGTCTGGTTTGCCACTTCTTTCTGCATATACTGCTGTGTGAAGATCGTGAGCTTCACGCACCCCTTCCTAGCCCGACTGGCGAAGATTTTCATGAATAATGTGTCCTGGCTGCTCCTGGTCTCTGTGTTTGTTTCATTGGCCACGTGCATCCCCATCGCCTTCGATTCTGATCTGCAACCAGCAGTCCAAGGTCTGAATGATATTTCAATAGACAAAAATTTGAATACCTCACTCAATGGTTCCACGACTGGTCCGAGTTTATTTAAAAGTTTTAAGAAAGAGTACACTGGGTATGTCATCAATTTATTGTTAGGGTTTGCAGTATTCATCTTCTCGACTTTGGCAATACTTATCACTCTCTTTAGGCACATGAAGCGGATGGGACAGCATGCACAGAACTTCAGGAACCCAAGCCTGGATGCTCACACGGGAGCAGTCAAAACAGTGGCCTCCCTACTTGCCCTCTACTCTACATTCTGCATAATGAACTGCATCAGATCTTTCCATGATTTCGCACCTAGCAGCTCACTGTACTTAGCGTGTCTCCTCATGTTCTCCTACTTCCCAGCCCTGAACTCCTTGATCTTAATCCTGAGGATCTCCAAACTGAAGAAGACACTAGTCAGGATCCTTCTATGTGCAGCTCGTTGCAGAATGGGCACAGCTTGAgcggccgcaggtaagccagcccaggcct
axolotl_CM030317.1ab:457717985-457718929-1,Axo_2,axolotl_10,gtcgtgaaaagcttgaattcggcgcgcccatccctgccatggccgctgttacctatccttcatccgtgcctacgaccttggaccctgggaATGCTGGATCCTAACTACATGGTTTTGGTTGTTCACATTCTGGGATTTCTGGGCGGCCTGGCGGGCAGCCTATTCCTCTTGGTTGTGAATCTCAAGGACTGGTTGAAAGCTCGAAACTTGGTGGCCAGTGACCTCCTCATATCCAGCCTCGGGCTCTCGAACCTCGGTGTCCAGTGCGTGCTGGCCGTGAGTATCTACTGCTATCTGGTCTCGCGCGGCGTCTATTCGCTGGATCACGTAAGCAAGCCTTTCTTCATACTCAGGATGTTCGTGTTCTCCACCAGCCTGTGGTGCGCCACCTGCCTGGGCGTCTATTCCTGCGTGAAGATTGTCAGCTTCAACCAGCGGCTCCTGGACTCTCTGAAAGCCAACATCTCGAAAATGTGTCCTTGGATGCTCCTGGGTTCTGTGCTGCTTTCCTTGGCCCTCTCTCTTCCCGCCATCTGGGACATTTCCAGAGAAGAAGCTGGCAACACCACCTTGAGAAACGCCACCTTGGCTGGCGTCTTCTTCCAGAGCCGCTGTGCCTGCATATTTACTATCTACATCATCGGCTGCTCCATGGCCTTCGCCGTCTTCTCTGTCGCTGCTCTGCTGCTCATCACATCCCTCTGCAGGCATGTCAGGCGCATGGGACAAAATGGCGGCGGCGGCGGCTTCGGTCACCCCCACAGGAACGTCCACGTGCGTGCCATCAAGCTGGTGACGTCCGTCCTGGTCCTGTATGCTGCTCTGTTTGCGTCGGCTGTGCTCATTATTTCCTCCACAGTCTTGCCGGGAGACCCCTGGTATGTGGTGTGCTCTGTTGTGGGATGCACTGCCCCTTCCTTGCTGCCTGTGATCCTAATTCTGGGGAATAACAGATTGAAGAGGACGCTCACTGGGCTTTTGTTTTGTGGAAAGTGTTGCCCTGCAGAACTTGCTTCGGGCACATCAACAGGGTAAgcggccgcaggtaagccagcccaggcct
axolotl_CM010931.2aa:148386033-148387061-1,Axo_3,axolotl_42,gtcgtgaaaagcttgaattcggcgcgcccatccctgccatggccgctgttacctatccttcatccgtgcctacgaccttggaccctgggaATGACATCCCAGGGCACTGCCACTGCCCTTCTGGCAGCCTCCGGTCTGCTGCTCTGCACCTCCCTCTTGGGAAACCTCTTCATCCTGGAGGCTGTTCTCCTCCACCGGAGGCCGGGGTCATGCCGGACCCTTCCAACCAATGAGTTGGTTATCAGCAGCCTGGCCCTGGTTAATGTTCTAAGTGGGGTGTCCAACTTCCTTTGGTTGGTGGTGTACCTACTTGAACTCTGCCAGCGTGCTGGAGAGTGGGTCTACAAAGTCCTGGACTTCACCTGCATTATGGGGGGCACCAGTGCCTTCTGGTTCACCGCCTGTCTGTCGGCCTTTTACAGCCTCAAGATCTCCAGCTTCAGTCCTCCCTGCGTGGCCCGACTCAGGCTGCGGGCCCCCTCTGCAATGCCGTTCGTCCTGCTCTTCCTGCTGCTGGCCTGCGGTGCCCTTAGTGGGCCGACCATCTCCTACATCCACCTGAAAGCAGCCAACGGCTCTGACTTGCACTGCGGGGACTACCACGAGATGTCGGGGACATTCGAGGCCTACTACATAACCTTCAGCATTCTGGGCTACCTGCTGCCTTTGGTTACACTGACTACATGCAGTGCTCTCCTCGTGGCCTCCCTTTGTCATCATTACCGTCTCGTATGGGGCGGGCCAGCTGGACCACGCACGGACGTGTACTTACGTGTGGTCAAAATGGTGCTAGGTTTGCTGGCCTTCTACGCCTTCTGCGTGGTCTTTGCCGAGGTTAGCGTTGCGCTGTACAAGGACACCGGTGATGCCAGTGACTGGTTCGTTATCTACAGTTTCGCACTGCTAGCCTACTCGGCCGGCTGCCCCATCGCCCTCACTTATGGGACAGCGCGACTTCATCGTCGCCTGCGAGTTCTCTGCGTTTGTGTGGCATGCTGCAGGAGCACCCCCACTCGTCGGCACAGCTCTGTCTCGGCTGGCAGACCTGTCACGCCCAAAGATACCACACGCTGCTCTCCTGGCGATGGCAAGTCTATATTCGTAATGGCTGTGGACTGAgcggccgcaggtaagccagcccaggcct
bullfrog_KV934971.1:19845-20756--1,Bul_1,bullfrog_51,gtcgtgaaaagcttgaattcggcgcgcccatccctgccatggccgctgttacctatccttcatccgtgcctacgaccttggaccctgggaATGTCATCACTGGAAGCACTTGTGCCGATTGTCACCTTTACAGAAGGGGCAATGGCAATTATTTTAAATTCAGCTATTGTTGCAATCAATGGTAAAAGAGTGAAAACCGGTTTGAAGTGGAACCTGTCTGAGCTCACCCAGCTGGTCATGGGAATAGTGAACATCACTATGCGTTGTTCTACGGCATCTCAGATATTATTCAGCATTTACTGGCCCTCATGCTGTTCCTCCTTTAAAGAACTTTGCTCCACACTCGCCCTTCTACAGCAATTCCACATGTGCTTCAGCTTTTGGCTCACCGCCTGTCTCTGTGCCTACTACTGCACCGCCATCACCATCTCCAACCACCGGCTCTTCCTTTGGATAAAGAGGATCCTCTCATCCCGTCTGCCTTCCCTGCTCCTCCTCTCGGGATTGGGGTCACTGCTTCTAACTTTTCCATTGGCCTTCGAGTTCCAAATCAACCCTCAACAGATATATTCAGGAAATAGCACCTTCATAGTATATACTCTGTCCTATAATCCTTTTTGGCTAGCCATAACAAGTATTTTTGGCTGTTTTTTGCCTTTTTTCTTTATTTTTCTCTCAATGATCACCACGGTCTTCTCACTCGTAAGACACGTCCGGAAAATGAAACATAACCAGTCTGGATTTGCCCGTCCTAAGCTCCATGCTCACACCAGTGCTATAAGGACCATGCTCCTCTTCCTTACACTGTCAACCGTGTTTTATGTATCCGAGACCCTTCTCTATGTAGAACATTCATTTGATCCCACCATTTACATAAAGTTGTTGATAGTCACAATTTTTCCGACGGTGGAGGCCACCATCATTATCCAGGCCAACCCCCAGCTCCGGAAAATCATCTCAGAATGGCTCTGCAGGGTGAGATCTCAGGAAAACGATTCTTAGgcggccgcaggtaagccagcccaggcct
bullfrog_KV924825.1:502057-502995--1,Bul_2,bullfrog_12,gtcgtgaaaagcttgaattcggcgcgcccatccctgccatggccgctgttacctatccttcatccgtgcctacgaccttggaccctgggaATGGCAAATTCCACAGAAGAAGACAATTATGAAAGCATTCTAGGACAGAATTTGTTTCTATCTGCCTTGCTTGTAATTTTAGTATTGGCAGGTCTGGTGGTGCAATTATTTATTGTGGCTGTTAATGTCATTGACTGGCGAAAGGGAAGCTCAATGACAGGTGCTGACAAAATGATCACCTCTATTGGGATATCAAGGATCTTCTTTCACACTTTACAGCTGCTGGAATTTTTTTTACTTTTTTACTTTGTAGAGTCGTTATATTACTTACCAGAGATTTTTTTATTTATTACAATGATTTCATTTCTTGGGCATTCCTCAGCCTTTTCCAACATTTTGTTATCAACTCTGCTTTCTATCTTCTTCTACATCAAGATCTCCACCTTTCACAATGTATTTTTCTTAAGTCTGAAGGCCATCATGTCAAGAAGAGTCATCTACCTGATTATTGCCTGTGTGACTTTGTCATTAGGATACACATCCATGAGTGTTTTGATTCCTTTTATGTCTTTTACTAATTTAACACAAAATAGCATTTCAGATATTAGGCAAAATCAAATACTGCTATATTATAGATTTTCAATGAGCATTTTACCTCTCTTCGTGTTTTTCATAACTTCAAGTTTTCTTATTATTTTGCTTTGTCTACACACAAGTAGATTGAACAATTGTGGAAATGTAGACACCTACCATAGGACTATAATATTCACTGCTTTATCTTTCCTGGTCGGTAGTTTTTTTTATTACAGTAGATTTATTGCAAATGTATCCATCATTATTGGAAATATCAGATTGGTATTTTATAAGGAACATTTTTCCAGCTCTACACTCTATTTTATTAATTTATGTAGCAACAAAATTAAGAAATCAGTTCTTCAGAATTGTCCATTTTGCAACTCACTGCTTGTTCAACAGGAAAGCTCCTGGACCTCACGCTAGgcggccgcaggtaagccagcccaggcct
bullfrog_KV926771.1:109883-110782--1,Bul_3,bullfrog_17,gtcgtgaaaagcttgaattcggcgcgcccatccctgccatggccgctgttacctatccttcatccgtgcctacgaccttggaccctgggaATGGCTTTTTCAATGGAAGACAATGCAGTTGAAGCTATGACCTTCATTGTTTCAGTTACAGTTGTCTTTGTAGTTGGAATAATTGTACATGTATTTGTCATAGTTGGGAACATTGTTGCCTGGATGAAAGGAAGACCACAAGCTTCTACTGATCAGATTATCACCTCCCTTGAGATATCAAGAGTCATCTTCCTGTTGACCTGCATGTTTGATGGTGCTTCAAGGCTTTTATTAAAAAAAGCACTAGTTATTACCATTCTTTTTCATTTTGTCCGGATCACTTCCAATTACTCCTGCGTATGGTTTTTGGCTCTTCTCTCTGTAGTCTTTTGCTTGAAGATCTCCAACTTTCACAATGTTTTCTTTCAATGTTTGAGGAGCATCATATCTACAAGAGTCATCCATCTGATTGTTGGTTCCGTGTTGATATCTGCCAGTCAAGCCTCATTGAATGTCTGGATCACTCATTTAGAATTTTCAAACAATTATACTTTGGATTTTACTCTTGATATCACCCGTCCAAAAGTTCAATGGTTCTTGCTGTGGAATACCATGCCATTCCTAATCTACCTCTTGGCGGCTGTTCCTCTCATTGCCTATCTCAGTTTCCATGCCAGAAGAATGAAACGTGAAGCAAAAATGACTCACCTGGATTCCTACTACAAGGCCATAGGGTTTACAACCATCTCTTTCTTCAGCTGTGCAATCCACATTTCTATCAATGTTAATCCAGCCTATTATTCTTCTTCTTTTATTTATGTTATACTAAATTTTCTTCCAATTCTTCACTCTATTTTCCTGATCCTTGCAATGAACAAACTTAAAAATCAGTTTTCCTGGATTCTTCAACAAGTAACCAAATGTTGCTCTGTTAATAGAGCTTCTGGAACCAGTTTTTGAgcggccgcaggtaagccagcccaggcct
bullfrog_KV937364.1:40702-41571-1,Bul_4,bullfrog_61,gtcgtgaaaagcttgaattcggcgcgcccatccctgccatggccgctgttacctatccttcatccgtgcctacgaccttggaccctgggaATGTGCTCTCTGGAGATTTCTTTTATTCCTGTCATTTTGGGTGTACCAGGGATTGCCCTAAACATCTTAATATTGATTATTTATCTCAGAGGTTGGTACAAAGGAAAACATCCTACAGCCTGCGATCTGATCGTGTCTGCTATAACATTCACTAATCTGTTTTTTCAGTGCATAATGATTGCTGATGGTTTCATATACTGTGAGTCGATCTCCACAGGATTATATTTATTTGTAATTTTTTTTTTTCTCATGGACACAAGTTTTTGGCAAACCGCTCTCCTCTCAACTTTTTACTGCATAAAATTGTTCAACTTTTCCCACCATTTATTCCAGTGGATGAAAAAGATGATATCAACGTCTACAAATCTGCTTTTGTTACAGTCTGCAGGTTTTTGTTTCCTAATAAGCCTTCCTTTTATTTGGACCATCCATTTCGACAGTCCTGGGAATGGGACAGAACCCATGGGAGGCAGTGATTCTGTTGGTTTTAGTGACCTCTTTAATCTCTTGAACGTGCTGTTGGGTTGCTGTTTGCCCTTTACTGTGACTTTCACTTGTATCACACTCAGCGTAGGATCACTTCTGAAACACGCCTGGAACATAAGGAGGAACGCTCTCCAGCTCAGATCTCCTCCGCAGATTGGTGGTGTAGTGCGGGCAGCCAGTACCATGGTGGTTTGTGCATTGATGGATTTAGCTTTCTGTGGGAATATTGTTGATCTGGTTTTAGTAAATTTTATCAGTGATGAGATGGAAGCCAACATGAGATGGTCAATTCTACCATTATATCCTACAGCTCGTTCGATCGTTCTAATAATTGGAAACACCCAGTTAAAAAAAAAGCTGGGTAAAATGTGTTTCTCCTCTTAGgcggccgcaggtaagccagcccaggcct
cane_ctg19525_RHIMB__RM170330.19525:8618-9538--1,Can_1,cane_58,gtcgtgaaaagcttgaattcggcgcgcccatccctgccatggccgctgttacctatccttcatccgtgcctacgaccttggaccctgggaATGGCTGATTCTACAGAGGTTGAGACTAAAGTGGAGTATCTGGTTCTCCTGGCCTCAGCAGTGATCACTCTCATACCCAGTCTGGTGATACATTCATTTATTATAGGCGTCAATGTCAATGACTGGTGGAAAGGAAGATCGTTGTCTACTGTTGACTACATTTTAACTTCCCTCGGGATGTCACGGATGTGTTCTCAATTTGCAAATATTTCGCTTATGTTTTTAGGTTTTATATTTTTTAGAAATGTGGATTTCCATGTAAGTCTGGATATCATGGATGCAGTTTATGCTTTTTTTACTTATACCAATATTTGGCTAACAGCTATGCTCTCCATTGTCTTCTGTCTGAAGATCTCCAACCTCCAGACCAGACTGTTCCTGTATCTGAGGAGGATGATAGTACAGAGGACTGTGTATTTCATTGTGGCCACAGTGCTTCTCTCTGCTTTCAATGCATTGTTACCCCTCTGGATCCCTATCCCTGAGGTAACCGAAGGTGGAGCACGCAATACAACAAAGGATCTTTTATTGGGTTGCTCTAGTAATTATTTTGTGTACAATTATTCTATAGGAGTGCCCCTTCCACTGCTATTCTATTACATATCATCCATCCTCCTCTTCACCTCATTGTATTATCACACCACAAGGATGAAGAGGAGCAGTAACTTAACCATCAATTTGGAGACATATTACTCAGTGATGAAATTGGTGTCCTTCACTTTAATATATCACACTATATACTTTGTTGGTCATTTCATTTGTGACTTTTATTACTTTTTTTACTGTGTGACCCTTCCATGGTTTTATATGTGCTTGGATCTTCTACCTGTTCTACATTCCTCCTATCTGATCTACAGAACAGCCAAACTCAGGAATAAGATGTCCGAGGTTCTTCAGAATATAACCAATTTCTTATTCTAAgcggccgcaggtaagccagcccaggcct
cane_ctg1336_RHIMB__RM170330.1336:587127-588101,Can_2,cane_17,gtcgtgaaaagcttgaattcggcgcgcccatccctgccatggccgctgttacctatccttcatccgtgcctacgaccttggaccctgggaTCACTGGCAACCTTTGTGAACTTGGAGGTTAATAAAAAGAATCTTTGGATTATCAATTGTATTATTGTCCCAATGTTGTAAATGTTTGAGAAAACTTTGCATTGCTTTCCTTAGTTTAGGACTTCCCAGAATAAGGATGACAGACTGTGCCGGGGAATAGACATAGATGACCATCAAACACATACAAAATCCAATGCTACTTGGAGGAAAGAGGTCCACAAACATCATGATTTCTGAGATGTAGAATGCTAGATACAGCACTAGGAGCCAGCCAACAGTCCTGGCAGCTCTTTCTTTAGCCTCAGTACGTGTACTACTCGTGTTGCTTGTAATCTTCTCAAGGTTCTTACTGTTGGTTCCAAGTGATTTAAGAATTAGGCCGTTTGAAATACCCACAAGAATTAAAGGGATTGAGCAGCCAATAATATTGGTGGGGAGCAAGTAGGTAATGCTCAATTTTGGTACATTGTTTTCCAAACTCTGATTGAAAGGTACATCCTCACTTGGAATTTCTCTGTATGTGCTCCATATAGCTGGAACACTAATAGCCACAGAAGTAAGAATTGCAGTCACAAGGAAACATGGAACCAACTTGGGGATTTCTGATTTAAGGCGTAATAAGAAGGGGTTGGTGAATATAACTATTTGTAAGCAGTAGTAAACACAAAGACAGACTGTGAACCAGAAACTGGCATAGATAGGAAGAAATAATAAGGCATTGAAAGTGGCATACACTTCATCTGAATAGTACAGTTCACTCCACAGAAGGCTCAGAAAGTCGTTGGTCGTCATGACAAATTGGAATGTGATATTGGACAGACCAAGTGTAACTAAAATCAGGTCAGAAGAACCAAGGCTCTTGCCTTTTACTTTTTCCACAAGATTTACTGACACAATCACACAGTTTGTGAAGATCCCCAAAATGCTGGTAACTCCCAAGATAGCCATGGATGTAAGGACAAAAATAGACATCATgcggccgcaggtaagccagcccaggcct
cane_ctg18888_RHIMB__RM170330.18888:67318-68271,Can_3,cane_56,gtcgtgaaaagcttgaattcggcgcgcccatccctgccatggccgctgttacctatccttcatccgtgcctacgaccttggaccctgggaATGATGCAGACAGTCCTTCTAGTAGCTCTCATTGTGACCTCTTTCTCGGGAATATCCCTCAATGGCTTTGCCGCGGCAGTCAATCTATGGGACTGGAAATTCAAAGGTGATCTGAAAGCCTCTGATTACTATTTATGTGTTGTTGCCTTATCCAATCTCTCTCTCCAGTTGTGGTTAGGATTTACGTGGCTCTGTGATGATGACTGGAATTATGACACCTTCTGCCAAATTACCTTTGCCCTGAAGATGATCTCCACTCAATATAGCATTGCAGTGGCTGGAGTTATGTGCTGGTTTTATTGTGCCAAAATCGTAGCGTTTACCCATTGGTTGCTGAAGATGTATAGCAGAGTGTACCTTGAATCACCTAGGGTTGTCATATTTCGCATTGTCATTATGTCCACCGCCCTGGGGTTACCACTATTCTGGATGAAAAAGCGAGACCCGTCTACCAGCTCAGACTCTTCTTTCCGCAACATAAGTTCCTTCCCCAACTTATATGAAAGGCAATTGGAAGTATATTTTGAAGTATATCAAATTTTAGTTTTGCCTGTTGGTTATATATTTCCGGTCTTGTTAAGTTTGGTTTCAGCTGGTCGTATTACATTATCTCTCATGAATCACATGAAGAGGATGCGAGGCACCATGGAGAAACAGCATGGAGTTCTTATAGAAGCCCACCGCCGTGCAGCCATTACCGTGTTGTCTTTACTTGTGTTAATCCTCGTGCACTTTGTGACTTCTGTTATTATTCTGATGGAGGTGTTTCCCAAGCAAGATTTTCGCTCAACTCTCTGTAAAGTTATCTCTAGCTGGTACGCACCCATGCTTGGGATTGTCCTTGTTACAGGTAACTCTAAACTCAGGAGGGTGACAAGCGAGATTAAAAGGAAAGTAATTGGGACGTTAAAGCTACAAACATCAAAAAAAGAAGACAATCCGTCCATCAGATAAgcggccgcaggtaagccagcccaggcct
cane_ctg18888_RHIMB__RM170330.18888:53455-54429,Can_4,cane_54,gtcgtgaaaagcttgaattcggcgcgcccatccctgccatggccgctgttacctatccttcatccgtgcctacgaccttggaccctgggaATGTATTCACCTACTGAAATAGTTCTTGCTGCAGTCCAAACTACAATCGCCTTATTGGGGTTCATCACCAACGGCTTTGTGGTGGTGGTCAATCTACGAGACTGGAAATTCAGCGGCTCTCTATCCATCTCCGACCACTTTATGTGTTGCGTTGCCTTATCTAATCTCTCTCTCCAGTTGTGGTCTGGATTCAACTGGTTCTGTGACCTTTTCGGATACTATGGCACCTTCTGTCAAAGAACCTTCTCCCTGAAGATGATCTCTACCCTCTGTAGCCTCAGGGTGGCAGGAGTTTTGTGCTCATTTTATGGTGCCAGAATTGTGGTGTGTAAAAACTGGTTATTTAGGTACTTCCAAAATGAACTTCGTACATCATTCCGGAAAGTGATCTTTCGTGCAGTAATTGGCACCGTCATCTTAGGGTTACCTCTATTAGTGTTGAGGAAGGAGCAATTAGCTCCTAAGGCTGGCTATGTATCACTTAATATTGGCTCCATATCCTTGGTTAACAATACATTTGTGGACAACTCCTTTGTCATTTATCGAATCTTCCTTCTTTCCTTCGGTTACACATATCCATTGCTGTTAAGCTTGGTTTCAGCTGCTTTCATAATAGTTTCTCTCAAGAAGCACATAAGAAAGATGCAAGACAGCATGGAGAGAAAGGATGGAGTTTTCGTAGACGCCCACCGACGAGCTGCCGTCACCGTCTTGTCTTTGCTCATATTCATCATTATATACTTTGTGACTTCCATTATCACTCTAATTTCGATATTTCCAACAGGAGATCTCCGTTTAGTTCTGTGCGAGCTCATCTCTACGTTATACGCACCGGCGCTGGGGATTGTGTTTATCAGAGGTAATTTCAAACTCCGAAAGGTGGCGTCTAGAATCCAAATGAAGGTGGTTGGCGTGTTAGGGTTAACTGCATTAGTGAAAGAAAATATTTCAGTGCGTATTATTCACGGCCCATAAgcggccgcaggtaagccagcccaggcct
terribilis_scaffold16_np121212:1424221-1425147-1,Ter_1,dart_18,gtcgtgaaaagcttgaattcggcgcgcccatccctgccatggccgctgttacctatccttcatccgtgcctacgaccttggaccctgggaATGTCGACCATTGGCATTGTGCTAACAACCATTGATATTATTGCTCTAGTCAGTTCACTTTTTGGCAACACATTCATTCTCGTAGTGAATGCCCTAGAGTGGGTGAAGACCAAAGCTTTTAACGCATCTGACCAACTCATTTGTGGCATCAGCTTCTTCAGCTCCTTATATGAAGTCCTTCAATTTTGTGGCTATATTCTACAGTTACCACTGATCAACTTAGTGATCAATTATGGAACCCAAAGGGTTAGTACGGTTGTATGTCTTGCAGTCATGTCTTGTAATTTTTGGATTTCCACCTGGCTATCTGTAAATTTTTGCTTCAAGATTGTGAACATCCAACACAAATTTTATGTGTATCTCCAAAGAAGGTTCCCCAAGGTGATCCCATGGATTCTTCTTCTATCAGTTCTTGTATCCTTCTTACTGAGTCTTACTTTCGCGTTTGATACCTTAGAGACCCACTCGACAAATATGACCCTCAGTGGTTCCCGAAAAAAAGCATTTTCTACTCCAGACAAAAGATGTGTTTGCTGGTATGAAGCTTTCATTGGTTCGTCTTGTTTGGGCTTTCTTCTGTCTTTAGCATCACTGGTGACCATTATAAAATCTATCTACAGACACATGAAGCAGATGCAGAAAAGTGGAGACACCTTCCGAAACCCTAACGTTGCGACTCATATCAGAGCCACCAGAACGATAGCTTTGTTACTCCTCATCGATGCGTTTTTCTGCTATGCTCTTGCACTGACCGCGTTTAAAGGAAATGATGTTCAATGGACCCGCTATATATATATATTTACTTCTGTTTGCTATGCCCTAAATTCCCTGAATATAATTTTGGGAAATAGAAAACTTAAAAGACGATTTTTTGCCAGCTTCATCCCTTGCTTTAGCAGAATGCAGAATTATACCGGGTCAGGCTAAgcggccgcaggtaagccagcccaggcct
terribilis_scaffold327039_np121212:0-849--1,Ter_2,,gtcgtgaaaagcttgaattcggcgcgcccatccctgccatggccgctgttacctatccttcatccgtgcctacgaccttggaccctgggaATGGCCACATCGGTCAAAGTCCAGCACGACTCCCTGGAGCTGTGTCTTATCGGTGCAGCAGGGATGACATATATATTAGGACTGATGATACATTTCTTTATTCTGGGAGTCAGTGTCATTGACTGGATGAAAGGAAGACCTCTGACCACCGTTGACCACCTGATCAATTTTATTGTGACATCCAGGATCACCTTTCAGCTTGTTTCGCTATTTCATGTATTTTTGATATCATTCCATGGAAGCCTTTCTGCAGCCTACAATATTGCAATTAGCATCACCGGAAGTTCTTCTGTGGACTGCAATATGTGGTTTTCTGTCCTCCTCTCGGTTTTCTACAGTTTGAAGATAAGCAACATCCATAACAACTTCTTTTCAAATCTGAAAAAGATGATTTCGCAGCGAGTTCTTGGGTTGATTACTATGTTTGTGCTGCTGTCCATTGGTTCCATATCAGTAGAATTCCTGATGGTTTATATGACTGTCCCAAGAAATTCAACTCAAGAAGCCAACCTTCATCCAGCTGATGCCATTGAACACTTCCTCTTATGTTTGTTTATTCTGAGGAATGTCCTGCCCTTACTCTTTTATTTCATCTCTTCCTTTGCTATTCTAGGATCTTTGTGCCATCACGTGTACAGAATGACTCGTCTGAAGAACGTAACGAGCCTGGACACTTATTATAGGACTATTAAGTTTACAATTGTCTCATTCTTTGGCTTTGCTTTGTATGTGATTATCAATATGTTTGGAATGTACCTTCTTGGTTTTTATGGATCTTTTTTAGTCTGGAATTGTTTTCCAGTGTTACATTCCATATATTTAATTTATATGACAGCAAGGCTGAGGAGATCATCATGAgcggccgcaggtaagccagcccaggcct
terribilis_scaffold15_np121212:1773762-1774784-1,Ter_3,dart_15,gtcgtgaaaagcttgaattcggcgcgcccatccctgccatggccgctgttacctatccttcatccgtgcctacgaccttggaccctgggaATGGTGGAAGTGAAGGCAACGTACAATGGAACTGACGAGACGAATCAGAACAATGGTACAGAGACACACACTGAGACTTCATCGACTTCATTAACAGAATATGAAATACTTTCATTAGTCATCTTGCTGTTGGAGACCATTATTGGTACCTTCATGAATGGTCTTATGGTTATTGTAAACCTGATCAGCCTGGTGACCCACAGAAAACTGGGCTCTTGTGATTCCATACTCACTTGTCTTGGTCTATCTCGATTCTCTTTTATGTGGTTGATTTTAGCCATATACTTCATTGACTATGTAGCACCTAATATTGCTGATAAATGTAGTGATTTGCAATATGTTTTGCTGTTTTTTAATAGCTTAAGCTTGTGGCTTGCCACGTGGCTGAGTACTTTTTACTGCGTGCGACTTGTCAACATCGAGAGATACATTTTCACGGCATTTAAGACACATTTTGATCGCTTGGTTCCATTCCTTATATTAGCTAGTATATCAATCTCTTTATCCTGCAGTAACTCTGAAATTTACTCCACCATCAACCAGACATTCAACATGAGCAAATTTGAAAAATCTAGAAATGAAACTCCATTTGGTGCAATGACAAATAACTTTGCGACTTACTCAACCGTCTCTGCGGTGGGTTCCGTTCCTCCATTTCTTGTGTTTTGTCTTTCTGCTGGCCTGGTGGTTAACTCGCTTTTAGGACATATGAAAAAGATGAATGCCCAAGAAAGAACAGGGTTTAGAGAGCCATCACTACATGCCCATTGGAGAGCAATTAAAATGATGGCTGCCTTCTTTATGTTTTTCTTCTTTTACATGATGGCATTCAACCTATATGGATCAGGAAAGTTAAAGGACGGCATAGAAAGCTGTATGGCGGCTCTTTTCATCGGAGCTTATCCGTCTGTACATTCTGTTCTGCTTGTCACTGGGAACCACAAGCTGAAGCACGCCCTTCTGCAAATTCTACGGAAAGGAAATTGCTACCAAAAGGAGATGATTCAGACAATTAGTGATTAAgcggccgcaggtaagccagcccaggcct
xenopus_NC_030685.2:12031355-12032226--1,Xen_1,clawed_31,gtcgtgaaaagcttgaattcggcgcgcccatccctgccatggccgctgttacctatccttcatccgtgcctacgaccttggaccctgggaATGCTGTCTGCCATTCAGATAATAAAAACAATTATTCTGATCATAACCGGATCATGTGGGCTCCTCCTAAACTCATGGATTGTAGCTGTGCATCTCAGCCATTGGAAGAAGGGAGTGAGCCTTGGGGACTGTGATCAAATCATTCTCATCAAAGGGGTCACCAACGTTCTCCTCCAGTGCTTATTAACTTTCAATGGGATAAAATATAATTTTCAGCTGAATGACTATTTTGACAAGGAATTCATTTATGTGACTTACATTGTTTTTTTCTTCCTGGTTTCCCTCTGGAACTGGCTCACTGCCTGGCTCGCTATCTGCTACTGCTTAAGACTCGGCAACATTGCACATCGCTTCTTTATTGGCTTAAAAAAGAGAATCTCCTCTGGAATTACTCAACTCCTGTTGGGAACAGTGGTCGTTTTAGGCATGATTAGTATTCCATTTTTTTGGACACCGCACATAAAAGTTAAACAAAATACAACTTCCACCTTGGTCTTTGAACAAGATATTAAATACCATTACTTTATGATTGCATTTTGTGTCTGCCTGCCAACTCTTATAACTTCTCTCTGTATGGGACTCAGCTTAAAGTCCCTTTTGAAACATGTCCATAGGATGAAGCAGAATCACTCTCAGTCCTGGAGCGGGAAAATGAAGACCCATGCAAGAGCCTGCATGACAATATTCTTCCTTTTGGCTCTCAACTTGTTTTTCTTCTTGATGATTTTTATTGGTATTATAGAAACAAATATTACAATTCTTTGGGAAATTATTTTTTGGTCTATAATCATGGCAAGTCCCTCAGGCCAAGCTCTCATTCTGTTGTTTGGAAATTCAAAGTTACGGTCTGATTTGTTAAAGACTTGTTTCTGAgcggccgcaggtaagccagcccaggcct
xenopus_NC_030683.2:96759279-96760190-1,Xen_2,clawed_20,gtcgtgaaaagcttgaattcggcgcgcccatccctgccatggccgctgttacctatccttcatccgtgcctacgaccttggaccctgggaATGCTGACAGTATCGCAAATATCTTGGGCAGTCATCCTTATAATAACATGGCCATGTGGATTCATCCTGAACTCATCGATTGTAGCCGTGTATCTCCGCACCAGGAAGAATGAAATGAAGCGTGGGGAGTGCGACAAAATCCTTCTGGCCATGGCTTGCTCCAATGTTCTCCTGCTGAGCATGATAGCATTTGATATGACCTTTGTTACCTATGGACTCTATATCATGTTTGCCAAAGAATTCTCCTTGGCCATCAGCGTTATACTCTTCTTTTCTATTCACTTTTCATTCTGGCTTACAGCCTGTCTGTCACTCTTCTATTGCCTGAGACTGGTCAACTTCTCACATCAAGTCTTGACTCATTTACAAAGAAGAATGTCGATAGTGGTTCCCCTGTTCCTGCTGGCCTCACTTCTGATTTCATGGCTTATTAATGTTCCATTAATCTGGATGGTCCAAATAGACACCAATCAAAACTCTACGAGTATTTATCAGGATTACATATTTCATTATGATCGACTCTACATGATTTTTAACATTGTTTTTGGTAGCACTTTGCCTTTTGTTGTAACTTCTCTCTGCATTGGACTCTGCCTGATATCTCTTCTGAAGCACGTTCAGAGTATGAGACAGCACATTTCTCAGTACTGGAGTCCACAGTTGAAAAGCCATGTTAAGGCCTTCAGGACAATGTTGCTTCTTTTGATTCTAAACCTGATTTTTTTCACAACGTTTGGTAGCCTTTATCTAGTACAGAATAATCTTGGAGCTGTATTCCAAGCTGTGCTTTGGTCTGCTACCATGTTTATTCCATCAGGGCAAGCCACTATTCTGATCTTTGGAAATTCTAAGTTTGCGAGCACCTGGTCAAAGGCTTTGCCAATGTTTGGGTCATGTGATAGAAATGTTTAAgcggccgcaggtaagccagcccaggcct
xenopus_NC_030677.2:142794049-142795035-1,Xen_3,clawed_2,gtcgtgaaaagcttgaattcggcgcgcccatccctgccatggccgctgttacctatccttcatccgtgcctacgaccttggaccctgggaATGTGCAGTAATGCTTTAGTAACAGTGCTGCCAATGCTGCCTATTTTTTTGCTTGTCTCTATGGCTATTTTGGGAGCTACCACTATATTGGGAATTGCCACAAACCTTGTAATTGTAGTTGTGAATCTTGTTGACAGGGTAAAGGGAAAAAGTCTTAACCCGTCAGACCTCATCCTTGTCACCCTTGGCCTATCAAACATGACTTTCCAGTTCAGCATGACTGCAAATGACTTCTTAAGCATTTTGTGGAGTGACCTTTACTTCTCAGATGCTGTTTATACAACTTTCATTACCCTGCTGCTTTTTCCCATCTTCTCTAGCTTTTGGTTTACTGTATGTCTATGTGTCTACTACTGCTTGCAGATTGTCATATTCACCCATCCTTTTCTTGTGCAGCTAAAGCTTAAAATCTCTCAACTTGTACCATTTCTTCTTGCGACATCTGTCTTTATTTCTGTGGTTATTAGTATTCCTGGAATATGGAGCACCTACAGGGATCCCCCTATTTCAAATATTTCAAACAATCAAAGCTTGGAAATGGAGCTACCCAAATTGAGCTTTACGTACTTGTTTTACAGCAATATTATTGGATGTTCACTTCCACTGGTGTTTGTTGGGATTTCCAATTGTCTAATCCTTAAGTCACTGATAAGCAAGAGCACTATGTTTGAGAAAAACAAGAGTGATGTGTACAGCCCACGAACTGAGGCCAGAGAGCGAGCAGCAAGGACGGTCGGTTGCCTACTGCTACTATACATGGCCTTCTATATCTCTGAGATCTTTATGTTTGTTGATTTTTTTCCACCCGGTAGCCCTGGATTTTGTACCTGCTTAATGGTCATTTATAGCTACCCACCTACACAATCAGTGATTCTAATTTTTGGTAGCCCCAAACTAAAGAAAGCGTTGCTGAACCTTCTCCATTTCTCTAAGATATGTGGCATGGAACAGATGGAGACTCCTAAGATTCTTTCAGTCAGCTTTTAAgcggccgcaggtaagccagcccaggcct
xenopus_NC_030685.2:11960140-11961026-1,Xen_4,,gtcgtgaaaagcttgaattcggcgcgcccatccctgccatggccgctgttacctatccttcatccgtgcctacgaccttggaccctgggaATGGGTGTATTTATACTCTTGGCAGTAGAGTTTGCAGGGATATTCTCCAGCGTGTTCATAATATTTGTGAATGTCCAGTCCTGGATGAAGGGGCAGAAGATGAGTTCTAGGGATCAGATTATCATTGCCCTCTCCTTCTCAGACATGGTGTTCTCTGCTGTGAATGCTGCCATCGTACTAGGCTCCGCTTTTGTCCCTCAGCTGCTGTCGGTGGATTATATCTATTATGGGCTGTATGATTTGATGACATATTCAATCTGTTCCAACTCCTGGCTCAGTGCCTGTCTAGGCGCATTATTCTTTGTGAAAACCACTAACTTTAATATTGGTTTCCTCGCACAGCTTAAGATGAGGATTGAAATGGTCATGCCTTGGGTAACATCAGGCGTTGAAGTATTCTCCTTCATAATTGCACTGGTTCAACCTTCAGCTTCTGCAGAAGTATATGGCGAGAATTCTACACTTCCACTGATAACCAATGAGACTTCCGAAGTTATCGGTTATGAGACAGATGTTCTCAATGATGTCTCATTCTTACTTAAAGCCTGTCTTACTCCATTCATGATCGTAACTGTCACCACTGCTCATATCAACATTTCTCTCTGCAAGCATACTCAACAAAACATGGACTCTGGTGGTCCGACTCTCAAAGTTCACCGAAGGGCTGCTTCTACGATGACATCTCTCCTCATACTCAACACTGTGTTTTATGTTTTACAAATGTGGCTTGGGTTTCTTCAAACCAGTGATCCTCTGTATAGGATTGGCATAACCCTAGTTTGCTCTTTTTCTTTAGTTCAGTCCATCATTCTAATCCTGGGGATTGGCAGGCTGAAAAAGACCTTTATCCAGATAATAACCATGTGTAGAAGAAAGGCTTTGTCTTAGgcggccgcaggtaagccagcccaggcct
xenopus_NC_030683.2:18855735-18856757-1,Xen_5,clawed_18,gtcgtgaaaagcttgaattcggcgcgcccatccctgccatggccgctgttacctatccttcatccgtgcctacgaccttggaccctgggaATGTCTGAGTCAAGTTTAAACATGGAACCAGGATACAAAAATTTGACAATGGTATCAATGAATTTCAATCAGTCATTCGTTGACTATAAGACTGTCACCTCTACGATCGTATCATTTGAGGTGCTCATTGGAAGTCTGGCTAATGGATTTATGGTTACGGCAAGTCTGATAGACTGTGCTTCTCGCAGGAAGTTGGGCTCCTGTGAATCCATATTAATCTGCCTTGGCCTTTCACGCTTTGCCTTCCTGTGGACCCTGTTTTTTATGTACTTGATGTCGGTTTATCTTACTAGCCTGAACGGTAAATATACGGATGCTGTCATGTACATCTTCCTGTGCTTTAGCAATAGCAGTTTGTGGTATGCCACCTGGCTCTGCATGTTCTACTGCGTCCGCATCGTCAACATCAGCAACTGCATCTTTGTTGTTTTCAAAAAGAATTTCGACCGCTGCCTTCCCATCTTGCTTCTTGGAAGTTTAGCCATATCAGTAGCCTTCAGTCTTCTTTTACTCTGCAATAGTTTGACCAATGTGGACTTCATCAGCTCATCAAACTCACAACCATTAGGGGTTCCCAGCAAATCCACCTCCCGCTTTCTGATCACTTCTTTCATAGGGAGCGCACCGCCATTTCTAGTTTTCTGCATAGCAGCTTGGCTGGTGGTATATTCCCTGACGAAGCACACAAGGAGGATGAAGGAACAAGAACGGACAAGTTTCAAGGAACCCTCACTAGAAGCTCATTATGGGGCAGTGAAATCTGTGGGACACTTCTTCCTGTTTTATGCAATTTACATCATCTCATTTAACCTGTACCAAGCCGGAATAGCCAGCCCTAACTCCATAGAGGGATTGTTTTGCACTGTATTGACCGGATCTTATCCGTCGGTGCATTCGGTGCTGCTTCTTCTTCAGAACAACAAACTGCAACAAACCCTCATCAGTTTTTGGCAAAAAATTAGTTGCTATCATCATGCCAAGGTGAAAAAAGCAGAGTCTACTTCTACATGTAATACTGCATAGgcggccgcaggtaagccagcccaggcct
xenopus_NC_030685.2:11962879-11963847,Xen_6,clawed_23,gtcgtgaaaagcttgaattcggcgcgcccatccctgccatggccgctgttacctatccttcatccgtgcctacgaccttggaccctgggaATGGATTTTGACCGGAGTAACTACTCAACTAACAAACCTGTGGATATTGCGGCCATTGGAGAAGCCACAACAGCTTCAGTCCTATTTATAGCTCTATCCCTTGTGGGAATAGTCATTAACATGTTCATCATATCTGTTAATTTCCATTCCTGGATAAAAGGACAAAGCATGAACCCAAGTGACCTCCTAATTGTTTCCCTGGCTTTCTCCAACATGGTCTTTTCTGTCACAGATGGAGTCTATACTATATGCATCCTTGTTATCCCATTTGGTGACGTTGAAGATCAATTGTATCTGCTATATATTGTCATGGTGTATGTGCTCTTCTGCAATTCCTGGCTCAGCGCCTGCCTGTGTTTCTACTACTTTGTGAAAATCAGTAACGTTAAGCCTGGTTACCTGGCACGACTCAAATCAAAGATCAACACCCTGGTACCAAGGCTAATACTGGTTGCTCAGGGGTTCTCCATCTTGAACTCACTTTTTTACATGCCGGTGTTTTTTAAAGAGAACGTTGAAAACCCAACCAACCAGACACAAAATATTACTACTTACAGAACAGATGATTTTTACAATGTATTTTTCTTGCTGATCAATTGTTATATTCCTTTCCTGGTTATATTGGTCACCACCAGCCTTATCATTGCCTCGCTCTACAAGCACACTCGTCGTATGCAACAGAACATGGGAGAGGTTGGTGGCCCCAGCCTGAAGATTCATCAACGAGCAGCACGTACAATGACGTCTCTTCTTATTCTCTATCTTCTGTTTTACGTTGTAGTACTTGGGTCTAGCTTACTTATAAAAAATGAGTTGTTGAGTTGGGTTTACTACTTGGTGGGTTGTACCTTCTCCCCCATTCAGTCCATCATTCTAATTATGGGGAACACCAGACTGAAGAAGACCTTTGTGAACATGCTAAACAGCTGTAGGAAAACATTTGGAGAAGAAGACAATGTAACTACTTAAgcggccgcaggtaagccagcccaggcct