Accession	PlottingClade	taxid.x	Number.of.Genes.x	clusters	Fraction.Clustered	Nearest_in_cluster	genes_per_cluster	Number_of_Genes	genome_size
Mus_musculus	GCA_000001635.9	Mammalia	10090	35	3	0.89	0.8	10.3833333333333	35	3.24357142857143
Sus_scrofa	GCA_000003025.6	Mammalia	9823	15	3	0.8	0.733333333333333	4	NA	NA
Xenopus_tropicalis	GCA_000004195.4	Anura	8364	50	5	0.96	0.94	9.6	NA	NA
Anolis_carolinensis	GCA_000090745.2	Squamata	28377	43	6	0.93	0.86046511627907	6.665	43	2.2925
Meleagris_gallopavo	GCA_000146605.4	Aves	9103	2	0	NA	NA	NA	2	1.46333333333333
Microcebus_murinus	GCA_000165445.3	Mammalia	30608	24	2	0.83	0.666666666666667	9.96	24	3.12
Maylandia_zebra	GCA_000238955.5	Actinopteri	106582	1	NA	NA	NA	NA	NA	NA
Chrysemys_picta_bellii	GCA_000241765.5	Testudines	8478	8	3	0.62	0.625	1.65333333333333	NA	NA
Lepisosteus_oculatus	GCA_000242695.1	Actinopteri	7918	3	0	NA	NA	NA	3	1.41
Bos_indicus	GCA_000247795.2	Mammalia	9915	20	4	0.8	0.65	4	20	3.31
Ficedula_albicollis	GCA_000247815.2	Aves	59894	5	1	0.6	1	3	NA	NA
Microtus_ochrogaster	GCA_000317375.1	Mammalia	79684	43	3	0.91	0.883720930232558	13.0433333333333	NA	NA
Chlorocebus_sabaeus	GCA_000409795.2	Mammalia	60711	30	3	0.9	0.733333333333333	9	30	3.94
Cynoglossus_semilaevis	GCA_000523025.1	Actinopteri	244447	0	NA	NA	NA	NA	NA	NA
Poecilia_reticulata	GCA_000633615.2	Actinopteri	8081	2	0	NA	NA	NA	2	0.885
Esox_lucius	GCA_000721915.3	Actinopteri	8010	5	1	0.4	0.8	2	5	1.12
Corvus_cornix	GCA_000738735.6	Aves	932674	9	2	0.89	0.888888888888889	4.005	NA	NA
Camelus_dromedarius	GCA_000803125.3	Mammalia	9838	11	3	0.82	0.272727272727273	3.00666666666667	11	2.795
Larimichthys_crocea	GCA_000972845.2	Actinopteri	215358	4	1	0.5	1	2	NA	NA
Capra_aegagrus	GCA_000978405.1	Mammalia	9923	22	5	0.82	0.590909090909091	3.608	NA	NA
Ovis_canadensis	GCA_001039535.1	Mammalia	112262	16	3	0.81	0.4375	4.32	NA	NA
Xiphophorus_couchianus	GCA_001444195.3	Actinopteri	32473	1	NA	NA	NA	NA	1	0.75
Nothobranchius_furzeri	GCA_001465895.2	Actinopteri	105023	1	NA	NA	NA	NA	1	1.56
Parus_major	GCA_001522545.3	Aves	9157	3	1	0.67	0.666666666666667	2.01	3	1.51
Coturnix_japonica	GCA_001577835.2	Aves	93934	2	0	NA	NA	NA	2	1.35
Lates_calcarifer	GCA_001640805.2	Actinopteri	8187	2	0	NA	NA	NA	2	0.7
Kryptolebias_marmoratus	GCA_001649575.2	Actinopteri	37003	2	0	NA	NA	NA	NA	NA
Ictalurus_punctatus	GCA_001660625.3	Actinopteri	7998	5	1	0.6	0.6	3	5	1.025
Passer_domesticus	GCA_001700915.1	Aves	48849	3	1	0.67	0.666666666666667	2.01	3	1.3975
Capra_hircus	GCA_001704415.2	Mammalia	9925	21	3	0.86	0.666666666666667	6.02	21	3.24
Setophaga_coronata	GCA_001746935.2	Aves	1037456	1	NA	NA	NA	NA	NA	NA
Oreochromis_niloticus	GCA_001858045.3	Actinopteri	8128	1	NA	NA	NA	NA	NA	NA
Lycaon_pictus	GCA_001883655.1	Mammalia	9622	12	2	0.83	0.666666666666667	4.98	12	2.73
Columba_livia	GCA_001887795.1	Aves	8932	1	NA	NA	NA	NA	1	1.45
Paralichthys_olivaceus	GCA_001904815.2	Actinopteri	8255	1	NA	NA	NA	NA	1	0.725
Ailuropoda_melanoleuca	GCA_002007445.3	Mammalia	9646	12	2	0.75	0.333333333333333	4.5	NA	NA
Oncorhynchus_kisutch	GCA_002021735.2	Actinopteri	8019	11	2	0.55	0.727272727272727	3.025	11	2.88333333333333
Numida_meleagris	GCA_002078875.2	Aves	8996	2	0	NA	NA	NA	2	1.2575
Neomonachus_schauinslandi	GCA_002201575.2	Mammalia	29088	3	1	0.67	0	2.01	NA	NA
Oryzias_latipes	GCA_002234675.1	Actinopteri	8090	1	NA	NA	NA	NA	1	1.0325
Bos_taurus	GCA_002263795.3	Mammalia	9913	21	4	0.81	0.714285714285714	4.2525	21	3.61666666666667
Xiphophorus_maculatus	GCA_002775205.2	Actinopteri	8083	1	NA	NA	NA	NA	1	0.905
Piliocolobus_tephrosceles	GCA_002776525.5	Mammalia	591936	22	4	0.77	0.5	4.235	NA	NA
Physeter_catodon	GCA_002837175.5	Mammalia	9755	1	NA	NA	NA	NA	NA	NA
Equus_caballus	GCA_002863925.1	Mammalia	9796	24	3	0.92	0.833333333333333	7.36	24	3.22
Ambystoma_mexicanum	GCA_002915635.3	Caudata	8296	70	15	0.63	0.7	2.94	70	34.75
Amphiprion_percula	GCA_003047355.2	Actinopteri	161767	4	1	0.75	0.75	3	4	0.96
Theropithecus_gelada	GCA_003255815.1	Mammalia	9565	28	4	0.86	0.571428571428571	6.02	NA	NA
Xiphophorus_hellerii	GCA_003331165.2	Actinopteri	8084	1	NA	NA	NA	NA	1	0.857142857142857
Macaca_mulatta	GCA_003339765.3	Mammalia	9544	29	4	0.9	0.689655172413793	6.525	29	3.365
Carassius_auratus	GCA_003368295.1	Actinopteri	7957	10	0	NA	NA	NA	NA	NA
Crotalus_viridis	GCA_003400415.2	Squamata	8742	1	NA	NA	NA	NA	NA	NA
Cricetulus_griseus	GCA_003668045.2	Mammalia	10029	35	3	0.86	0.771428571428571	10.0333333333333	35	3.41333333333333
Peromyscus_maniculatus	GCA_003704035.3	Mammalia	230844	35	5	0.86	0.514285714285714	6.02	35	4.36
Peromyscus_polionotus	GCA_003704135.2	Mammalia	369710	31	3	0.84	0.774193548387097	8.68	31	3.57
Takifugu_flavidus	GCA_003711565.2	Actinopteri	433684	6	1	0.67	0.666666666666667	4.02	NA	NA
Junco_hyemalis	GCA_003829775.2	Aves	40217	3	0	NA	NA	NA	3	1.3
Calypte_anna	GCA_003957555.2	Aves	9244	8	1	0.88	0.875	7.04	8	1.14
Taeniopygia_guttata	GCA_003957565.4	Aves	59729	7	2	1	1	3.5	7	1.25
Oryzias_javanicus	GCA_003999625.1	Actinopteri	123683	1	NA	NA	NA	NA	1	0.87
Chiloscyllium_plagiosum	GCA_004010195.1	Chondrichthyes	36176	0	NA	NA	NA	NA	NA	NA
Lateolabrax_maculatus	GCA_004023545.1	Actinopteri	315492	2	0	NA	NA	NA	NA	NA
Takifugu_bimaculatus	GCA_004026145.2	Actinopteri	433685	4	1	0.75	0.75	3	NA	NA
Strigops_habroptila	GCA_004027225.2	Aves	2489341	1	NA	NA	NA	NA	1	1.31
Ornithorhynchus_anatinus	GCA_004115215.4	Mammalia	9258	7	1	0.86	0.857142857142857	6.02	7	3.06
Rhinolophus_ferrumequinum	GCA_004115265.3	Mammalia	59479	17	2	0.82	0.823529411764706	6.97	17	2.22666666666667
Collichthys_lucidus	GCA_004119915.2	Actinopteri	240159	7	3	0.86	0.285714285714286	2.00666666666667	NA	NA
Phyllostomus_discolor	GCA_004126475.3	Mammalia	89673	25	2	0.88	0.8	11	25	2.55
Podarcis_muralis	GCA_004329235.1	Squamata	64176	37	3	0.95	0.891891891891892	11.7166666666667	37	1.86666666666667
Perca_flavescens	GCA_004354835.1	Actinopteri	8167	1	NA	NA	NA	NA	1	1.06
Peromyscus_leucopus	GCA_004664715.2	Mammalia	10041	33	3	0.88	0.878787878787879	9.68	NA	NA
Pyxicephalus_adspersus	GCA_004786255.1	Anura	30357	98	6	0.99	0.938775510204082	16.17	98	1.4
Epinephelus_lanceolatus	GCA_005281545.1	Actinopteri	310571	2	0	NA	NA	NA	NA	NA
Lonchura_striata	GCA_005870125.1	Aves	299123	2	1	1	1	2	2	1.42
Bos_grunniens	GCA_005887515.3	Mammalia	30521	14	3	0.79	0.5	3.68666666666667	NA	NA
Oncorhynchus_nerka	GCA_006149115.2	Actinopteri	8023	9	2	0.44	0.666666666666667	1.98	9	2.92333333333333
Reinhardtius_hippoglossoides	GCA_006182925.3	Actinopteri	111784	2	0	NA	NA	NA	NA	NA
Suricata_suricatta	GCA_006229205.1	Mammalia	37032	16	3	0.88	0.625	4.69333333333333	NA	NA
Epinephelus_moara	GCA_006386435.1	Actinopteri	300413	2	0	NA	NA	NA	NA	NA
Nomascus_leucogenys	GCA_006542625.1	Mammalia	61853	21	3	0.86	0.666666666666667	6.02	NA	NA
Archocentrus_centrarchus	GCA_007364275.2	Actinopteri	63155	1	NA	NA	NA	NA	NA	NA
Gopherus_evgoodei	GCA_007399415.1	Testudines	1825980	11	4	0.82	0.818181818181818	2.255	NA	NA
Lynx_canadensis	GCA_007474595.2	Mammalia	61383	14	2	0.86	0.857142857142857	6.02	NA	NA
Rhinopithecus_roxellana	GCA_007565055.1	Mammalia	61622	24	4	0.88	0.541666666666667	5.28	NA	NA
Thylacinus_cynocephalus	GCA_007646695.3	Mammalia	9275	14	3	0.79	0.714285714285714	3.68666666666667	NA	NA
Kryptolebias_hermaphroditus	GCA_007896545.1	Actinopteri	1747188	2	0	NA	NA	NA	NA	NA
Sander_lucioperca	GCA_008315115.2	Actinopteri	283035	2	0	NA	NA	NA	2	1.14
Lichenostomus_cassidix	GCA_008360975.2	Aves	1497555	19	2	0.95	0.947368421052632	9.025	NA	NA
Triplophysa_tibetana	GCA_008369825.1	Actinopteri	1572043	7	2	0.71	0.714285714285714	2.485	NA	NA
Mastomys_coucha	GCA_008632895.1	Mammalia	35658	31	4	0.87	0.774193548387097	6.7425	NA	NA
Alca_torda	GCA_008658365.1	Aves	28689	2	0	NA	NA	NA	NA	NA
Phocoena_sinus	GCA_008692025.1	Mammalia	42100	0	NA	NA	NA	NA	NA	NA
Etheostoma_spectabile	GCA_008692095.1	Actinopteri	54343	1	NA	NA	NA	NA	NA	NA
Papio_anubis	GCA_008728515.2	Mammalia	9555	29	4	0.86	0.620689655172414	6.235	NA	NA
Plectropomus_leopardus	GCA_008729295.2	Actinopteri	160734	4	1	0.5	1	2	4	1.04
Muntiacus_muntjak	GCA_008782695.1	Mammalia	9888	24	3	0.83	0.625	6.64	24	2.84333333333333
Corvus_moneduloides	GCA_009650955.1	Aves	1196302	10	2	0.9	0.9	4.5	NA	NA
Leptobrachium_leishanense	GCA_009667805.1	Anura	445787	135	11	0.98	0.866666666666667	12.0272727272727	NA	NA
Naja_naja	GCA_009733165.1	Squamata	35670	0	NA	NA	NA	NA	NA	NA
Malurus_cyaneus	GCA_009741485.1	Aves	2593467	11	2	0.82	0.727272727272727	4.51	NA	NA
Lepus_timidus	GCA_009760805.1	Mammalia	62621	25	3	0.88	0.68	7.33333333333333	25	3.25
Zalophus_californianus	GCA_009762305.2	Mammalia	9704	5	1	0.6	0.6	3	5	3.15
Pristis_pectinata	GCA_009764475.2	Chondrichthyes	685728	0	NA	NA	NA	NA	0	2.8
Dermochelys_coriacea	GCA_009764565.4	Testudines	27794	1	NA	NA	NA	NA	NA	NA
Geothlypis_trichas	GCA_009764595.1	Aves	135433	20	3	0.95	0.95	6.33333333333333	20	1.44
Tauraco_erythrolophus	GCA_009769465.1	Aves	121530	3	0	NA	NA	NA	NA	NA
Pterocles_gutturalis	GCA_009769525.1	Aves	240206	1	NA	NA	NA	NA	NA	NA
Thamnophis_elegans	GCA_009769535.1	Squamata	35005	0	NA	NA	NA	NA	0	2.73
Cyclopterus_lumpus	GCA_009769545.1	Actinopteri	8103	2	0	NA	NA	NA	NA	NA
Bucorvus_abyssinicus	GCA_009769605.1	Aves	153643	2	0	NA	NA	NA	2	1.43
Cygnus_olor	GCA_009769625.2	Aves	8869	3	0	NA	NA	NA	3	1.48
Oryctolagus_cuniculus	GCA_009806435.2	Mammalia	9986	30	3	0.9	0.8	9	30	3.17714285714286
Lacerta_agilis	GCA_009819535.1	Squamata	80427	28	3	0.96	0.857142857142857	8.96	28	1.85
Merops_nubicus	GCA_009819595.1	Aves	57421	5	1	0.8	0.8	4	NA	NA
Sterna_hirundo	GCA_009819605.1	Aves	108405	3	1	0.67	0.666666666666667	2.01	NA	NA
Sylvia_atricapilla	GCA_009819655.1	Aves	48155	13	2	0.92	0.923076923076923	5.98	13	1.09
Phoenicopterus_ruber	GCA_009819775.1	Aves	9218	1	NA	NA	NA	NA	1	1.385
Aythya_fuligula	GCA_009819795.1	Aves	219594	4	1	0.5	1	2	NA	NA
Cariama_cristata	GCA_009819825.1	Aves	54380	2	0	NA	NA	NA	2	1.5
Thamnaconus_septentrionalis	GCA_009823395.1	Actinopteri	435163	4	1	0.5	1	2	NA	NA
Periophthalmus_magnuspinnatus	GCA_009829125.3	Actinopteri	409849	3	1	0.67	0.666666666666667	2.01	NA	NA
Chiroxiphia_lanceolata	GCA_009829145.1	Aves	296741	13	1	0.85	1	11.05	NA	NA
Mustela_erminea	GCA_009829155.1	Mammalia	36723	13	2	0.85	0.615384615384615	5.525	NA	NA
Camelus_ferus	GCA_009834535.1	Mammalia	419612	11	2	0.82	0.545454545454545	4.51	NA	NA
Balaenoptera_musculus	GCA_009873245.3	Mammalia	9771	2	0	NA	NA	NA	NA	NA
Cervus_hanglu	GCA_010411085.1	Mammalia	84702	20	2	0.85	0.65	8.5	NA	NA
Amblyraja_radiata	GCA_010909765.2	Chondrichthyes	386614	0	NA	NA	NA	NA	0	4.35
Petromyzon_marinus	GCA_010993605.1	Hyperoartia	7757	0	NA	NA	NA	NA	0	2.065
Rattus_rattus	GCA_011064425.1	Mammalia	10117	37	3	0.86	0.783783783783784	10.6066666666667	37	3.062
Oxyura_jamaicensis	GCA_011077185.1	Aves	8884	3	0	NA	NA	NA	NA	NA
Callithrix_jacchus	GCA_011100555.2	Mammalia	9483	23	3	0.87	0.652173913043478	6.67	23	3.43
Trichosurus_vulpecula	GCA_011100635.1	Mammalia	9337	44	4	0.93	0.931818181818182	10.23	44	3
Fundulus_heteroclitus	GCA_011125445.2	Actinopteri	8078	2	0	NA	NA	NA	2	1.56
Epinephelus_fuscoguttatus	GCA_011397635.1	Actinopteri	293821	4	1	0.75	0.75	3	NA	NA
Poecile_atricapillus	GCA_011421415.1	Aves	48891	3	0	NA	NA	NA	NA	NA
Arvicanthis_niloticus	GCA_011762505.1	Mammalia	61156	39	3	0.9	0.82051282051282	11.7	NA	NA
Tursiops_truncatus	GCA_011762595.1	Mammalia	9739	0	NA	NA	NA	NA	0	3.15
Zootoca_vivipara	GCA_011800845.1	Squamata	8524	30	3	0.8	0.7	8	NA	NA
Siniperca_knerii	GCA_011952075.1	Actinopteri	214812	1	NA	NA	NA	NA	NA	NA
Coreoperca_whiteheadi	GCA_011952105.1	Actinopteri	228250	1	NA	NA	NA	NA	NA	NA
Melopsittacus_undulatus	GCA_012275295.1	Aves	13146	1	NA	NA	NA	NA	1	1.226
Ameiurus_melas	GCA_012411365.1	Actinopteri	219545	3	0	NA	NA	NA	3	1.1
Onychostoma_macrolepis	GCA_012432095.1	Actinopteri	369639	4	0	NA	NA	NA	NA	NA
Molothrus_ater	GCA_012460135.3	Aves	84834	9	2	0.78	0.666666666666667	3.51	9	1.41
Macaca_fascicularis	GCA_012559485.3	Mammalia	9541	29	5	0.9	0.551724137931034	5.22	29	3.43
Poecilia_formosa	GCA_013036085.2	Actinopteri	48698	1	NA	NA	NA	NA	1	0.846
Trachemys_scripta	GCA_013100865.1	Testudines	31138	9	2	0.78	0.777777777777778	3.51	9	2.39
Etheostoma_cragini	GCA_013103735.1	Actinopteri	417921	1	NA	NA	NA	NA	NA	NA
Cromileptes_altivelis	GCA_013133815.1	Actinopteri	304459	4	1	0.75	0.75	3	NA	NA
Oncorhynchus_mykiss	GCA_013265735.3	Actinopteri	8022	16	4	0.75	0.4375	3	16	2.65166666666667
Anguilla_anguilla	GCA_013347855.1	Actinopteri	7936	4	1	0.5	1	2	4	1.4
Antennarius_maculatus	GCA_013358685.1	Actinopteri	882753	2	0	NA	NA	NA	NA	NA
Electrophorus_electricus	GCA_013358815.1	Actinopteri	8005	0	NA	NA	NA	NA	NA	NA
Oreochromis_aureus	GCA_013358895.1	Actinopteri	47969	1	NA	NA	NA	NA	1	1.21
Megalops_cyprinoides	GCA_013368585.1	Actinopteri	118141	3	1	0.67	0.666666666666667	2.01	3	0.98
Nyctibius_grandis	GCA_013368605.1	Aves	48427	3	1	0.67	0.666666666666667	2.01	NA	NA
Cygnus_atratus	GCA_013377495.2	Aves	8868	3	0	NA	NA	NA	3	1.45
Rhegmatorhina_hoffmannsi	GCA_013398505.2	Aves	468512	12	1	0.83	1	9.96	NA	NA
Coloeus_monedula	GCA_013407035.1	Aves	30423	4	1	0.5	0.5	2	NA	NA
Amphilophus_citrinellus	GCA_013435755.1	Actinopteri	61819	1	NA	NA	NA	NA	NA	NA
Giraffa_tippelskirchi	GCA_013496395.1	Mammalia	439328	14	3	0.86	0.642857142857143	4.01333333333333	NA	NA
Bos_gaurus	GCA_014182915.2	Mammalia	9904	18	2	0.78	0.888888888888889	7.02	NA	NA
Sciaenops_ocellatus	GCA_014183145.1	Actinopteri	76340	4	1	0.5	1	2	4	0.39
Nibea_albiflora	GCA_014281875.1	Actinopteri	240163	3	1	0.67	0.666666666666667	2.01	NA	NA
Ovis_orientalis	GCA_014523465.1	Mammalia	469796	18	3	0.83	0.611111111111111	4.98	NA	NA
Entosphenus_tridentatus	GCA_014621495.2	Hyperoartia	245074	0	NA	NA	NA	NA	NA	NA
Ochotona_princeps	GCA_014633375.1	Mammalia	9978	28	2	0.89	0.75	12.46	NA	NA
Sebastes_schlegelii	GCA_014673565.1	Actinopteri	214486	3	1	0.67	0.666666666666667	2.01	NA	NA
Silurus_meridionalis	GCA_014805685.1	Actinopteri	175797	7	1	0.57	0.571428571428571	3.99	NA	NA
Anableps_anableps	GCA_014839685.1	Actinopteri	195821	2	0	NA	NA	NA	NA	NA
Sylvia_borin	GCA_014839755.1	Aves	73324	14	2	0.93	0.928571428571429	6.51	NA	NA
Dryobates_pubescens	GCA_014839835.1	Aves	118200	3	1	0.67	0.666666666666667	2.01	NA	NA
Xenentodon_cancila	GCA_014839995.1	Actinopteri	129108	0	NA	NA	NA	NA	NA	NA
Bufo_gargarizans	GCA_014858855.1	Anura	30331	131	9	0.95	0.847328244274809	13.8277777777778	131	5.6
Nematolebias_whitei	GCA_014905685.2	Actinopteri	451745	2	0	NA	NA	NA	NA	NA
Homo_sapiens	GCA_014905855.1	Mammalia	9606	23	3	0.91	0.782608695652174	6.97666666666667	23	3.5
Falco_rusticolus	GCA_015220075.1	Aves	120794	2	0	NA	NA	NA	NA	NA
Choloepus_didactylus	GCA_015220235.1	Mammalia	27675	8	2	0.75	0.375	3	NA	NA
Pygocentrus_nattereri	GCA_015220715.1	Actinopteri	42514	14	3	0.86	0.571428571428571	4.01333333333333	NA	NA
Sebastes_umbrosus	GCA_015220745.1	Actinopteri	72105	3	1	0.67	0.666666666666667	2.01	NA	NA
Pogoniulus_pusillus	GCA_015220805.1	Aves	488313	7	1	0.86	0.857142857142857	6.02	NA	NA
Rattus_norvegicus	GCA_015227675.2	Mammalia	10116	36	3	0.89	0.805555555555556	10.68	36	3.36
Hirundo_rustica	GCA_015227805.3	Aves	43150	10	2	0.9	0.9	4.5	10	1.31
Colaptes_auratus	GCA_015227895.2	Aves	51355	5	2	1	1	2.5	NA	NA
Chelonia_mydas	GCA_015237465.2	Testudines	8469	1	NA	NA	NA	NA	1	2.64
Pao_palembangensis	GCA_015343265.1	Actinopteri	1820603	0	NA	NA	NA	NA	NA	NA
Anas_platyrhynchos	GCA_015476345.1	Aves	8839	6	1	0.67	1	4.02	6	1.40666666666667
Fringilla_coelebs	GCA_015532645.2	Aves	1471794	3	1	0.67	0.666666666666667	2.01	3	1.12
Lethenteron_reissneri	GCA_015708825.1	Hyperoartia	7753	0	NA	NA	NA	NA	NA	NA
Sylvilagus_bachmani	GCA_015711505.1	Mammalia	365149	26	3	0.73	0.730769230769231	6.32666666666667	NA	NA
Hydrochoerus_hydrochaeris	GCA_015741225.1	Mammalia	10149	31	5	0.77	0.645161290322581	4.774	NA	NA
Motacilla_alba	GCA_015832195.1	Aves	1094192	13	2	0.92	0.923076923076923	5.98	NA	NA
Tachyglossus_aculeatus	GCA_015852505.1	Mammalia	9261	3	1	0.67	0.666666666666667	2.01	3	2.89
Lamprotornis_superbus	GCA_015883425.2	Aves	245042	5	1	0.6	1	3	NA	NA
Equus_asinus	GCA_016077325.2	Mammalia	9793	23	2	0.83	0.826086956521739	9.545	23	4.12
Dromaius_novaehollandiae	GCA_016128335.2	Aves	8790	3	0	NA	NA	NA	3	1.59
Mauremys_reevesii	GCA_016161935.1	Testudines	260615	13	4	0.54	0.538461538461538	1.755	NA	NA
Salvelinus_namaycush	GCA_016432855.1	Actinopteri	8040	12	3	0.67	0.916666666666667	2.68	12	3.04
Antechinus_flavipes	GCA_016432865.2	Mammalia	38775	21	3	0.86	0.761904761904762	6.02	NA	NA
Gracilinanus_agilis	GCA_016433145.1	Mammalia	191870	32	4	0.88	0.8125	7.04	32	4.03
Prionailurus_bengalensis	GCA_016509475.2	Mammalia	37029	14	2	0.86	0.785714285714286	6.02	NA	NA
Gallus_gallus	GCA_016699485.1	Aves	9031	3	0	NA	NA	NA	NA	NA
Mugilogobius_chulae	GCA_016735935.1	Actinopteri	88201	1	NA	NA	NA	NA	NA	NA
Ovis_aries	GCA_016772045.1	Mammalia	9940	19	3	0.84	0.578947368421053	5.32	19	3.008
Sceloporus_tristichus	GCA_016801065.1	Squamata	190870	19	4	0.84	0.789473684210526	3.99	NA	NA
Polydactylus_sextarius	GCA_016801845.1	Actinopteri	435218	4	1	0.75	0.75	3	NA	NA
Toxotes_chatareus	GCA_016801885.1	Actinopteri	270537	4	1	0.5	0.75	2	NA	NA
Platichthys_stellatus	GCA_016801935.1	Actinopteri	195632	4	1	0.75	0.75	3	4	0.66
Polypterus_senegalus	GCA_016835505.1	Cladistia	55291	1	NA	NA	NA	NA	NA	NA
Xiphias_gladius	GCA_016859285.1	Actinopteri	8245	3	0	NA	NA	NA	3	0.77
Istiophorus_platypterus	GCA_016859345.1	Actinopteri	13575	2	0	NA	NA	NA	NA	NA
Ictidomys_tridecemlineatus	GCA_016881025.1	Mammalia	43179	19	3	0.84	0.684210526315789	5.32	NA	NA
Acanthisitta_chloris	GCA_016904835.1	Aves	57068	4	1	0.5	0.5	2	NA	NA
Phacochoerus_africanus	GCA_016906955.1	Mammalia	41426	15	2	0.8	0.6	6	NA	NA
Gasterosteus_aculeatus	GCA_016920845.1	Actinopteri	481459	3	1	0.67	0.666666666666667	2.01	NA	NA
Hepsetus_odoe	GCA_017165825.1	Actinopteri	42563	6	1	0.33	0.5	1.98	NA	NA
Alosa_alosa	GCA_017589495.2	Actinopteri	278164	3	0	NA	NA	NA	NA	NA
Amia_calva	GCA_017591415.1	Actinopteri	7924	1	NA	NA	NA	NA	1	1.19
Giraffa_camelopardalis	GCA_017591445.1	Mammalia	2740528	22	5	0.86	0.318181818181818	3.784	22	2.77
Myiopsitta_monachus	GCA_017639245.1	Aves	176066	1	NA	NA	NA	NA	NA	NA
Amazona_aestiva	GCA_017639355.1	Aves	12930	2	0	NA	NA	NA	2	1.61
Pluvialis_apricaria	GCA_017639485.1	Aves	670352	4	1	0.5	1	2	NA	NA
Carcharodon_carcharias	GCA_017639515.1	Chondrichthyes	13397	0	NA	NA	NA	NA	0	6.45
Ciconia_maguari	GCA_017639555.1	Aves	52777	2	0	NA	NA	NA	2	1.54
Falco_naumanni	GCA_017639655.1	Aves	148594	3	1	0.67	0.666666666666667	2.01	NA	NA
Aplochiton_taeniatus	GCA_017639675.1	Actinopteri	946358	7	2	0.86	0.857142857142857	3.01	NA	NA
Melanotaenia_boesemani	GCA_017639745.1	Actinopteri	1250792	2	0	NA	NA	NA	NA	NA
Polyodon_spathula	GCA_017654505.1	Actinopteri	7913	8	1	0.25	1	2	8	1.99666666666667
Xenopus_laevis	GCA_017654675.1	Anura	8355	50	8	1	0.62	6.25	50	3.30333333333333
Chelmon_rostratus	GCA_017976325.1	Actinopteri	109905	3	1	0.67	0.666666666666667	2.01	NA	NA
Cuculus_canorus	GCA_017976375.1	Aves	55661	5	1	0.8	0.8	4	NA	NA
Toxotes_jaculatrix	GCA_017976425.1	Actinopteri	941984	4	1	0.5	1	2	NA	NA
Cairina_moschata	GCA_018104995.1	Aves	8855	4	1	0.5	1	2	4	1.24
Heterotis_niloticus	GCA_018136845.1	Actinopteri	91721	6	1	0.83	0.833333333333333	4.98	NA	NA
Gymnogyps_californianus	GCA_018139145.2	Aves	33616	2	0	NA	NA	NA	2	1.51
Oncorhynchus_tshawytscha	GCA_018296145.1	Actinopteri	74940	13	3	0.62	0.923076923076923	2.68666666666667	13	2.77666666666667
Cheilinus_undulatus	GCA_018320785.1	Actinopteri	241271	3	0	NA	NA	NA	NA	NA
Cyprinus_carpio	GCA_018340385.1	Actinopteri	7962	7	0	NA	NA	NA	NA	NA
Vulpes_lagopus	GCA_018345385.1	Mammalia	494514	17	2	0.88	0.764705882352941	7.48	NA	NA
Felis_catus	GCA_018350175.1	Mammalia	9685	13	2	0.85	0.769230769230769	5.525	13	3.108
Panthera_tigris	GCA_018350195.2	Mammalia	9694	14	2	0.86	0.785714285714286	6.02	14	2.71
Panthera_leo	GCA_018350215.1	Mammalia	9689	13	2	0.85	0.692307692307692	5.525	13	2.95
Hippocampus_abdominalis	GCA_018466805.1	Actinopteri	109274	0	NA	NA	NA	NA	0	0.58
Alosa_sapidissima	GCA_018492685.1	Actinopteri	34773	3	0	NA	NA	NA	3	1.3
Anguilla_rostrata	GCA_018555375.2	Actinopteri	7938	3	0	NA	NA	NA	3	1.35666666666667
Certhia_americana	GCA_018697195.1	Aves	186443	3	0	NA	NA	NA	3	1.2
Paracanthobrama_guichenoti	GCA_018749465.1	Actinopteri	291819	3	0	NA	NA	NA	3	1.275
Megalobrama_amblycephala	GCA_018812025.1	Actinopteri	75352	3	0	NA	NA	NA	3	1.208
Puntigrus_tetrazona	GCA_018831695.1	Actinopteri	1606681	3	0	NA	NA	NA	NA	NA
Leptobrachium_ailaonicum	GCA_018994145.1	Anura	428466	102	9	0.97	0.901960784313726	10.9933333333333	NA	NA
Diglossa_brunneiventris	GCA_019023105.1	Aves	547948	10	2	0.8	0.8	4	NA	NA
Hemibagrus_wyckioides	GCA_019097595.1	Actinopteri	337641	4	1	0.5	0.5	2	NA	NA
Beaufortia_kweichowensis	GCA_019155185.1	Actinopteri	241442	2	0	NA	NA	NA	NA	NA
Sceloporus_undulatus	GCA_019175285.1	Squamata	8520	23	3	0.7	0.565217391304348	5.36666666666667	NA	NA
Megalops_atlanticus	GCA_019176425.1	Actinopteri	7932	5	2	0.8	0.8	2	NA	NA
Solea_senegalensis	GCA_019176455.1	Actinopteri	28829	1	NA	NA	NA	NA	NA	NA
Protopterus_annectens	GCA_019279795.1	Ceratodontoidei	7888	18	5	0.83	0.666666666666667	2.988	NA	NA
Cervus_canadensis	GCA_019320065.1	Mammalia	1574408	23	4	0.83	0.608695652173913	4.7725	NA	NA
Dromiciops_gliroides	GCA_019393635.1	Mammalia	33562	25	4	0.92	0.88	5.75	NA	NA
Rafetus_swinhoei	GCA_019425775.1	Testudines	904230	8	2	0.62	0.875	2.48	NA	NA
Hymenochirus_boettgeri	GCA_019447015.1	Anura	247094	45	6	0.87	0.711111111111111	6.525	45	4.013
Rhinogobius_similis	GCA_019453435.1	Actinopteri	1263952	1	NA	NA	NA	NA	NA	NA
Hydrophis_cyanocinctus	GCA_019473425.1	Squamata	8686	0	NA	NA	NA	NA	NA	NA
Engystomops_pustulosus	GCA_019512145.1	Anura	76066	185	27	0.72	0.464864864864865	4.93333333333333	NA	NA
Micropterus_salmoides	GCA_019677235.1	Actinopteri	27706	1	NA	NA	NA	NA	1	0.895
Myxocyprinus_asiaticus	GCA_019703515.2	Actinopteri	70543	9	2	0.56	0.555555555555556	2.52	9	2.385
Gambusia_affinis	GCA_019740435.1	Actinopteri	33528	1	NA	NA	NA	NA	1	0.845
Phyllopteryx_taeniolatus	GCA_019802545.1	Actinopteri	161469	1	NA	NA	NA	NA	NA	NA
Syngnathoides_biaculeatus	GCA_019802595.1	Actinopteri	300417	1	NA	NA	NA	NA	NA	NA
Eleutherodactylus_coqui	GCA_019857665.1	Anura	57060	191	39	0.58	0.523560209424084	2.84051282051282	NA	NA
Rangifer_tarandus	GCA_019903745.2	Mammalia	86327	20	3	0.8	0.55	5.33333333333333	20	3.41
Bubalus_bubalis	GCA_019923935.1	Mammalia	89462	20	3	0.85	0.7	5.66666666666667	NA	NA
Ctenopharyngodon_idella	GCA_019924925.1	Actinopteri	7959	3	0	NA	NA	NA	NA	NA
Felis_chaus	GCA_019924945.1	Mammalia	61376	13	2	0.77	0.846153846153846	5.005	NA	NA
Hypophthalmichthys_nobilis	GCA_019925145.1	Actinopteri	7965	0	NA	NA	NA	NA	NA	NA
Siniperca_chuatsi	GCA_020085105.1	Actinopteri	119488	1	NA	NA	NA	NA	1	0.85
Lutjanus_erythropterus	GCA_020091685.1	Actinopteri	211835	4	1	0.5	0.25	2	NA	NA
Phrynosoma_platyrhinos	GCA_020142125.1	Squamata	52577	10	2	0.7	0.6	3.5	NA	NA
Neogale_vison	GCA_020171115.1	Mammalia	452646	14	2	0.86	0.571428571428571	6.02	NA	NA
Danio_rerio	GCA_020184715.1	Actinopteri	7955	7	2	0.43	0.571428571428571	1.505	7	1.858
Hydropotes_inermis	GCA_020226075.1	Mammalia	9883	17	4	0.76	0.588235294117647	3.23	NA	NA
Muntiacus_crinifrons	GCA_020276665.1	Mammalia	71854	24	3	0.88	0.666666666666667	7.04	NA	NA
Scatophagus_argus	GCA_020382885.1	Actinopteri	75038	3	1	0.67	0.666666666666667	2.01	3	0.77
Siphamia_tubifer	GCA_020466265.1	Actinopteri	1536898	4	1	0.75	0.75	3	NA	NA
Mauremys_mutica	GCA_020497125.1	Testudines	74926	11	3	0.73	0.727272727272727	2.67666666666667	NA	NA
Pholidichthys_leucotaenia	GCA_020510985.1	Actinopteri	390368	2	0	NA	NA	NA	NA	NA
Coregonus_clupeaformis	GCA_020615455.1	Actinopteri	59861	8	2	0.5	0.5	2	8	2.94
Bostrychus_sinensis	GCA_020698575.1	Actinopteri	86224	3	1	0.67	0.666666666666667	2.01	NA	NA
Lemur_catta	GCA_020740605.1	Mammalia	9447	27	3	0.89	0.62962962962963	8.01	27	3.28
Jaculus_jaculus	GCA_020740685.1	Mammalia	51337	26	3	0.85	0.692307692307692	7.36666666666667	NA	NA
Corvus_hawaiiensis	GCA_020740725.1	Aves	134902	9	2	0.89	0.888888888888889	4.005	NA	NA
Apus_apus	GCA_020740795.1	Aves	8895	12	1	0.92	0.916666666666667	11.04	NA	NA
Tautogolabrus_adspersus	GCA_020745685.1	Actinopteri	34787	4	1	0.5	1	2	4	0.91
Hemiprocne_comata	GCA_020745705.1	Aves	243314	3	1	0.67	0.666666666666667	2.01	NA	NA
Theristicus_caerulescens	GCA_020745775.1	Aves	1118847	2	0	NA	NA	NA	NA	NA
Agelaius_phoeniceus	GCA_020745825.3	Aves	39638	12	3	0.92	0.833333333333333	3.68	12	1.315
Trogon_surrucura	GCA_020746105.1	Aves	297711	10	1	0.8	0.8	8	NA	NA
Porphyrio_hochstetteri	GCA_020800305.1	Aves	439704	2	0	NA	NA	NA	NA	NA
Diceros_bicornis	GCA_020826845.1	Mammalia	77932	27	3	0.89	0.814814814814815	8.01	27	3.34
Dasyurus_viverrinus	GCA_020854095.1	Mammalia	9279	21	3	0.86	0.761904761904762	6.02	NA	NA
Odocoileus_hemionus	GCA_020976825.1	Mammalia	9872	21	4	0.76	0.714285714285714	3.99	NA	NA
Prinia_subflava	GCA_021018805.1	Aves	208062	13	2	0.92	0.923076923076923	5.98	NA	NA
Seriola_aureovittata	GCA_021018895.1	Actinopteri	2871759	2	0	NA	NA	NA	NA	NA
Oncorhynchus_gorbuscha	GCA_021184085.1	Actinopteri	8017	8	2	0.62	0.625	2.48	8	2.4
Mirounga_angustirostris	GCA_021288785.3	Mammalia	9716	3	0	NA	NA	NA	NA	NA
Micropterus_dolomieu	GCA_021292245.1	Actinopteri	147949	1	NA	NA	NA	NA	1	1.01
Apeltes_quadracus	GCA_021346845.1	Actinopteri	240154	5	1	0.6	0.4	3	5	0.58
Acanthochromis_polyacanthus	GCA_021347895.1	Actinopteri	80966	4	1	0.5	0.5	2	4	0.94
Ceratotherium_simum	GCA_021442165.1	Mammalia	310713	27	3	0.89	0.814814814814815	8.01	NA	NA
Girardinichthys_multiradiatus	GCA_021462225.2	Actinopteri	208333	1	NA	NA	NA	NA	NA	NA
Proterorhinus_semilunaris	GCA_021464625.1	Actinopteri	322563	1	NA	NA	NA	NA	NA	NA
Colobus_guereza	GCA_021498455.1	Mammalia	33548	26	4	0.88	0.653846153846154	5.72	NA	NA
Hylobates_pileatus	GCA_021498465.1	Mammalia	9589	22	3	0.86	0.636363636363636	6.30666666666667	NA	NA
Saguinus_midas	GCA_021498475.1	Mammalia	30586	22	3	0.82	0.590909090909091	6.01333333333333	NA	NA
Leuciscus_idus	GCA_021554675.1	Actinopteri	69811	3	0	NA	NA	NA	3	1.4
Megaleporinus_macrocephalus	GCA_021613375.1	Actinopteri	327003	11	2	0.82	0.818181818181818	4.51	NA	NA
Equus_quagga	GCA_021613505.1	Mammalia	89248	24	2	0.75	0.833333333333333	9	NA	NA
Hypomesus_transpacificus	GCA_021917145.1	Actinopteri	137520	6	1	0.5	0.666666666666667	3	NA	NA
Mustela_nigripes	GCA_022355385.1	Mammalia	77151	13	2	0.85	0.615384615384615	5.525	NA	NA
Scophthalmus_maximus	GCA_022379125.1	Actinopteri	52904	2	0	NA	NA	NA	2	0.86
Mugil_cephalus	GCA_022458985.1	Actinopteri	48193	0	NA	NA	NA	NA	0	0.87
Serinus_canaria	GCA_022539315.2	Aves	9135	7	3	1	0.428571428571429	2.33333333333333	7	1.555
Hippoglossus_stenolepis	GCA_022539355.2	Actinopteri	195615	2	0	NA	NA	NA	2	0.84
Amphiprion_ocellaris	GCA_022539595.1	Actinopteri	80972	6	1	0.67	1	4.02	NA	NA
Tachysurus_fulvidraco	GCA_022655615.1	Actinopteri	1234273	5	1	0.4	0.6	2	5	0.99
Desmodus_rotundus	GCA_022682495.1	Mammalia	9430	8	2	0.75	0.375	3	8	2.57666666666667
Ilyophis_sp._1_JC-2022	GCA_022702515.1	Actinopteri	2920201	4	1	0.5	1	2	NA	NA
Pangasianodon_gigas	GCA_022758105.1	Actinopteri	30993	6	2	0.33	0.166666666666667	0.99	NA	NA
Hypophthalmichthys_molitrix	GCA_022817975.1	Actinopteri	13095	3	0	NA	NA	NA	3	1
Vimba_vimba	GCA_022828995.1	Actinopteri	155067	3	0	NA	NA	NA	NA	NA
Squalius_cephalus	GCA_022829025.1	Actinopteri	8284	3	0	NA	NA	NA	NA	NA
Abramis_brama	GCA_022829085.1	Actinopteri	38527	3	0	NA	NA	NA	3	1.322
Albula_goreensis	GCA_022829145.1	Actinopteri	1534307	4	1	0.5	0.5	2	NA	NA
Prionailurus_viverrinus	GCA_022837055.1	Mammalia	61388	14	2	0.86	0.714285714285714	6.02	NA	NA
Pangasius_djambal	GCA_022985145.1	Actinopteri	1691987	6	2	0.33	0.166666666666667	0.99	NA	NA
Labeo_rohita	GCA_022985175.1	Actinopteri	84645	4	1	0.5	1	2	4	1.99
Gobiocypris_rarus	GCA_023029165.1	Actinopteri	143606	3	0	NA	NA	NA	NA	NA
Hexaprotodon_liberiensis	GCA_023065765.1	Mammalia	56798	17	3	0.76	0.823529411764706	4.30666666666667	NA	NA
Ursus_arctos	GCA_023065955.2	Mammalia	9644	18	2	0.89	0.722222222222222	8.01	18	2.75
Archilochus_colubris	GCA_023079485.1	Aves	190676	11	1	0.82	0.636363636363636	9.02	NA	NA
Budorcas_taxicolor	GCA_023091745.2	Mammalia	37181	19	4	0.79	0.684210526315789	3.7525	NA	NA
Perognathus_longimembris	GCA_023159225.1	Mammalia	214514	26	2	0.88	0.692307692307692	11.44	NA	NA
Scortum_barcoo	GCA_023238725.1	Actinopteri	214431	4	1	0.75	0.75	3	NA	NA
Lagopus_muta	GCA_023343835.1	Aves	64668	2	0	NA	NA	NA	NA	NA
Oncorhynchus_keta	GCA_023373465.1	Actinopteri	8018	9	2	0.56	0.555555555555556	2.52	9	2.63
Nibea_coibor	GCA_023373845.1	Actinopteri	396775	4	1	0.5	1	2	NA	NA
Ictalurus_furcatus	GCA_023375685.2	Actinopteri	66913	5	1	0.6	0.6	3	5	1.03
Astyanax_mexicanus	GCA_023375975.1	Actinopteri	7994	18	2	0.83	0.888888888888889	7.47	NA	NA
Sturnus_vulgaris	GCA_023376015.1	Aves	9172	6	1	0.67	1	4.02	6	1.31
Aspiorhynchus_laticeps	GCA_023376895.1	Actinopteri	748366	5	0	NA	NA	NA	NA	NA
Zingel_zingel	GCA_023566125.1	Actinopteri	210855	1	NA	NA	NA	NA	NA	NA
Romanogobio_albipinnatus	GCA_023566225.1	Actinopteri	260767	3	0	NA	NA	NA	NA	NA
Cottus_gobio	GCA_023566465.1	Actinopteri	100952	2	0	NA	NA	NA	NA	NA
Cranoglanis_bouderius	GCA_023630585.1	Actinopteri	175798	4	1	0.5	0.5	2	NA	NA
Gymnocephalus_cernua	GCA_023631565.1	Actinopteri	57865	2	0	NA	NA	NA	NA	NA
Falco_cherrug	GCA_023634085.1	Aves	345164	2	0	NA	NA	NA	NA	NA
Thymallus_thymallus	GCA_023634145.1	Actinopteri	36185	9	2	0.44	0.444444444444444	1.98	9	2.15
Falco_peregrinus	GCA_023634155.1	Aves	8954	2	0	NA	NA	NA	2	1.45
Falco_biarmicus	GCA_023638135.1	Aves	345155	2	0	NA	NA	NA	NA	NA
Bungarus_multicinctus	GCA_023653725.1	Squamata	8616	2	1	1	1	2	NA	NA
Caretta_caretta	GCA_023653815.1	Testudines	8467	3	1	1	1	3	NA	NA
Thaleichthys_pacificus	GCA_023658055.1	Actinopteri	240832	4	1	0.5	0.5	2	4	0.68
Odocoileus_virginianus	GCA_023699985.2	Mammalia	9874	21	3	0.86	0.666666666666667	6.02	NA	NA
Leucaspius_delineatus	GCA_023718395.1	Actinopteri	58323	3	0	NA	NA	NA	NA	NA
Panthera_uncia	GCA_023721935.1	Mammalia	29064	13	2	0.85	0.769230769230769	5.525	NA	NA
Carassius_gibelio	GCA_023724105.1	Actinopteri	101364	6	0	NA	NA	NA	6	2.55333333333333
Tamandua_tetradactyla	GCA_023851605.1	Mammalia	48850	6	2	0.83	0.5	2.49	6	4.11
Brienomyrus_brachyistius	GCA_023856365.1	Actinopteri	42636	2	0	NA	NA	NA	NA	NA
Phodopus_sungorus	GCA_023856395.1	Mammalia	10044	31	2	0.87	0.806451612903226	13.485	NA	NA
Nycticebus_bengalensis	GCA_023898255.1	Mammalia	261741	20	3	0.85	0.7	5.66666666666667	NA	NA
Oryzias_curvinotus	GCA_023969325.1	Actinopteri	104658	1	NA	NA	NA	NA	1	0.75
Chaenocephalus_aceratus	GCA_023974075.1	Actinopteri	36190	1	NA	NA	NA	NA	NA	NA
Suncus_etruscus	GCA_024139225.1	Mammalia	109475	29	3	0.9	0.827586206896552	8.7	NA	NA
Elephas_maximus	GCA_024166365.1	Mammalia	99487	21	3	0.86	0.761904761904762	6.02	21	4.03
Syngnathus_scovelli	GCA_024217435.4	Actinopteri	161590	1	NA	NA	NA	NA	1	0.54
Clarias_gariepinus	GCA_024256425.2	Actinopteri	13013	3	0	NA	NA	NA	3	1.2
Okapia_johnstoni	GCA_024291935.2	Mammalia	86973	16	2	0.81	0.625	6.48	NA	NA
Vipera_latastei	GCA_024294585.1	Squamata	246179	1	NA	NA	NA	NA	NA	NA
Xenopus_borealis	GCA_024363595.1	Anura	8354	50	9	0.96	0.44	5.33333333333333	50	3.56
Perccottus_glenii	GCA_024416835.2	Actinopteri	284583	0	NA	NA	NA	NA	0	1.1
Scardinius_erythrophthalmus	GCA_024453875.1	Actinopteri	58319	3	0	NA	NA	NA	3	1.26
Chanodichthys_erythropterus	GCA_024489055.1	Actinopteri	933992	3	0	NA	NA	NA	NA	NA
Phycodurus_eques	GCA_024500275.1	Actinopteri	693459	1	NA	NA	NA	NA	NA	NA
Vulpes_ferrilata	GCA_024500485.1	Mammalia	561074	17	3	0.88	0.647058823529412	4.98666666666667	NA	NA
Vidua_macroura	GCA_024509145.1	Aves	187451	3	1	1	1	3	3	1.08
Dascyllus_trimaculatus	GCA_024666655.1	Actinopteri	50790	6	2	0.83	0.833333333333333	2.49	6	0.9
Pseudorasbora_parva	GCA_024679245.1	Actinopteri	51549	3	0	NA	NA	NA	3	1.425
Plotosus_lineatus	GCA_024760905.1	Actinopteri	243562	4	0	NA	NA	NA	NA	NA
Triplophysa_rosa	GCA_024868665.1	Actinopteri	992332	3	1	0.67	0.666666666666667	2.01	3	0.88
Anguilla_japonica	GCA_025169545.1	Actinopteri	7937	4	1	0.5	1	2	4	1.09
Gopherus_flavomarginatus	GCA_025201925.1	Testudines	286002	10	2	0.6	0.8	3	NA	NA
Anser_cygnoides	GCA_025388735.1	Aves	8845	3	0	NA	NA	NA	NA	NA
Hippocampus_zosterae	GCA_025434085.3	Actinopteri	109293	1	NA	NA	NA	NA	NA	NA
Anser_indicus	GCA_025583725.1	Aves	8846	3	0	NA	NA	NA	NA	NA
Tamias_sibiricus	GCA_025594165.1	Mammalia	64680	20	3	0.9	0.8	6	NA	NA
Perca_schrenkii	GCA_025617405.1	Actinopteri	210850	2	0	NA	NA	NA	NA	NA
Xyrauchen_texanus	GCA_025860055.1	Actinopteri	154827	10	3	0.7	0.6	2.33333333333333	NA	NA
Ammodytes_dubius	GCA_026122265.1	Actinopteri	1266862	5	1	0.8	0.8	4	NA	NA
Aldabrachelys_gigantea	GCA_026122505.1	Testudines	167804	16	3	0.81	0.8125	4.32	NA	NA
Gadus_chalcogrammus	GCA_026213295.1	Actinopteri	1042646	0	NA	NA	NA	NA	NA	NA
Verasper_variegatus	GCA_026259375.1	Actinopteri	82366	2	0	NA	NA	NA	NA	NA
Otis_tarda	GCA_026413225.1	Aves	73107	4	1	0.5	1	2	NA	NA
Kogia_breviceps	GCA_026419965.1	Mammalia	27615	0	NA	NA	NA	NA	NA	NA
Pleurodeles_waltl	GCA_026652325.1	Caudata	8319	68	13	0.76	0.779411764705882	3.97538461538462	68	20.44
Epinephelus_cyanopodus	GCA_026686955.1	Actinopteri	308565	4	1	0.75	0.75	3	4	1.03
Hyperoplus_lanceolatus	GCA_026929865.2	Actinopteri	508657	2	0	NA	NA	NA	NA	NA
Etheostoma_perlongum	GCA_026937815.1	Actinopteri	655342	1	NA	NA	NA	NA	NA	NA
Macaca_cyclopis	GCA_026956025.1	Mammalia	78449	28	4	0.89	0.678571428571429	6.23	NA	NA
Vidua_chalybeata	GCA_026979565.1	Aves	81927	7	2	1	1	3.5	7	1.16
Amphiprion_clarkii	GCA_027123335.1	Actinopteri	80970	6	1	0.67	1	4.02	6	1.08
Podarcis_raffonei	GCA_027172205.1	Squamata	65483	28	3	0.93	0.821428571428571	8.68	NA	NA
Hemicordylus_capensis	GCA_027244095.1	Squamata	884348	21	2	0.86	0.80952380952381	9.03	NA	NA
Pangasianodon_hypophthalmus	GCA_027358585.1	Actinopteri	310915	5	1	0	0.4	0	NA	NA
Spea_bombifrons	GCA_027358695.2	Anura	233779	64	5	0.98	0.96875	12.544	64	1.235
Nycticebus_coucang	GCA_027406575.1	Mammalia	9470	22	3	0.86	0.727272727272727	6.30666666666667	22	3.58
Cynocephalus_volans	GCA_027409185.1	Mammalia	110931	18	3	0.83	0.611111111111111	4.98	NA	NA
Scomber_japonicus	GCA_027409825.1	Actinopteri	13676	3	0	NA	NA	NA	NA	NA
Ptychobarbus_kaznakovi	GCA_027422405.1	Actinopteri	263525	4	0	NA	NA	NA	NA	NA
Schizothorax_lantsangensis	GCA_027422415.1	Actinopteri	343527	4	0	NA	NA	NA	NA	NA
Schizopygopsis_pylzovi	GCA_027422435.1	Actinopteri	263523	4	0	NA	NA	NA	NA	NA
Schizopygopsis_malacanthus	GCA_027474115.1	Actinopteri	361645	4	0	NA	NA	NA	NA	NA
Coilia_nasus	GCA_027475355.1	Actinopteri	365059	3	0	NA	NA	NA	NA	NA
Acinonyx_jubatus	GCA_027475565.2	Mammalia	32536	10	2	0.8	0.6	4	10	2.56
Haemorhous_mexicanus	GCA_027477595.1	Aves	30427	19	2	1	1	9.5	NA	NA
Acridotheres_tristis	GCA_027559615.1	Aves	279927	8	1	0.75	1	6	NA	NA
Antrozous_pallidus	GCA_027563665.1	Mammalia	9440	18	3	0.89	0.777777777777778	5.34	18	2.67
Gymnocypris_eckloni	GCA_027564155.1	Actinopteri	334712	4	0	NA	NA	NA	NA	NA
Eptesicus_fuscus	GCA_027574615.1	Mammalia	29078	28	3	0.93	0.75	8.68	28	2.34
Rhynochetos_jubatus	GCA_027574665.1	Aves	54386	2	0	NA	NA	NA	NA	NA
Neoarius_graeffei	GCA_027579695.1	Actinopteri	443677	3	0	NA	NA	NA	NA	NA
Bombina_bombina	GCA_027579735.1	Anura	8345	91	4	0.96	0.967032967032967	21.84	91	11.385
Siniperca_scherzeri	GCA_027580175.1	Actinopteri	228252	1	NA	NA	NA	NA	NA	NA
Bos_mutus	GCA_027580195.1	Mammalia	72004	22	3	0.86	0.727272727272727	6.30666666666667	NA	NA
Misgurnus_anguillicaudatus	GCA_027580225.1	Actinopteri	75329	5	1	0.4	0.8	2	5	1.54333333333333
Sorex_araneus	GCA_027595985.1	Mammalia	42254	53	3	0.96	0.943396226415094	16.96	53	2.91
Anoplopoma_fimbria	GCA_027596085.2	Actinopteri	229290	3	0	NA	NA	NA	3	0.775
Muraenolepis_orangiensis	GCA_027704905.1	Actinopteri	630683	2	1	1	1	2	NA	NA
Dunckerocampus_dactyliophorus	GCA_027744805.2	Actinopteri	161453	3	1	0.67	0.666666666666667	2.01	NA	NA
Synchiropus_splendidus	GCA_027744825.1	Actinopteri	270530	8	1	0.88	0.875	7.04	NA	NA
Dendropsophus_ebraccatus	GCA_027789765.1	Anura	150705	246	12	0.99	0.82520325203252	20.295	NA	NA
Indicator_indicator	GCA_027791375.2	Aves	1002788	3	1	0.67	0.666666666666667	2.01	NA	NA
Ammodramus_caudacutus	GCA_027887145.1	Aves	69262	14	3	0.93	0.928571428571429	4.34	NA	NA
Malaclemys_terrapin	GCA_027887155.1	Testudines	2991368	8	2	0.75	0.75	3	NA	NA
Monodelphis_domestica	GCA_027887165.1	Mammalia	13616	24	4	0.88	0.708333333333333	5.28	NA	NA
Gastrophryne_carolinensis	GCA_027917425.1	Anura	8429	31	6	0.9	0.806451612903226	4.65	31	4.65
Odontesthes_bonariensis	GCA_027942865.1	Actinopteri	219752	2	0	NA	NA	NA	NA	NA
Emys_orbicularis	GCA_028017835.1	Testudines	82168	8	2	0.75	0.75	3	8	2.6
Neofelis_nebulosa	GCA_028018385.1	Mammalia	61452	13	2	0.77	0.923076923076923	5.005	13	2.77
Melospiza_georgiana	GCA_028018845.1	Aves	44398	20	3	0.95	0.95	6.33333333333333	20	1.49
Podargus_strigoides	GCA_028020825.1	Aves	8905	2	0	NA	NA	NA	NA	NA
Eschrichtius_robustus	GCA_028021215.1	Mammalia	9764	1	NA	NA	NA	NA	NA	NA
Lycodopsis_pacificus	GCA_028022725.1	Actinopteri	1772091	5	1	0.8	0.8	4	NA	NA
Gypaetus_barbatus	GCA_028022735.1	Aves	33610	2	0	NA	NA	NA	NA	NA
Paedocypris_micromegethes	GCA_028031935.1	Actinopteri	1093616	3	0	NA	NA	NA	NA	NA
Notamacropus_eugenii	GCA_028372415.1	Mammalia	9315	36	5	0.94	0.805555555555556	6.768	NA	NA
Rhea_pennata	GCA_028389875.1	Aves	8795	2	0	NA	NA	NA	NA	NA
Pseudophryne_corroboree	GCA_028390025.1	Anura	495146	184	8	0.98	0.91304347826087	22.54	NA	NA
Erethizon_dorsatum	GCA_028451465.1	Mammalia	34844	27	4	0.93	0.740740740740741	6.2775	NA	NA
Rissa_tridactyla	GCA_028500815.1	Aves	75485	3	0	NA	NA	NA	NA	NA
Trachops_cirrhosus	GCA_028533065.1	Mammalia	148073	18	2	0.5	0.611111111111111	4.5	18	2.315
Varecia_variegata	GCA_028533085.1	Mammalia	9455	20	2	0.6	0.5	6	NA	NA
Leontopithecus_rosalia	GCA_028533165.1	Mammalia	30588	21	3	0.62	0.380952380952381	4.34	NA	NA
Lagorchestes_hirsutus	GCA_028533205.1	Mammalia	65632	29	5	0.86	0.793103448275862	4.988	NA	NA
Babyrousa_celebensis	GCA_028533215.1	Mammalia	1303000	14	2	0.79	0.642857142857143	5.53	NA	NA
Helarctos_malayanus	GCA_028533245.1	Mammalia	9634	16	2	0.81	0.6875	6.48	NA	NA
Tapirus_terrestris	GCA_028533255.1	Mammalia	9801	18	2	0.78	0.888888888888889	7.02	18	3.78
Felis_nigripes	GCA_028533295.1	Mammalia	61379	13	2	0.85	0.692307692307692	5.525	NA	NA
Chrysocyon_brachyurus	GCA_028533335.1	Mammalia	68728	14	2	0.86	0.714285714285714	6.02	NA	NA
Panthera_onca	GCA_028533385.1	Mammalia	9690	14	3	0.79	0.642857142857143	3.68666666666667	NA	NA
Rousettus_madagascariensis	GCA_028533395.1	Mammalia	77223	13	2	0.77	0.461538461538462	5.005	NA	NA
Pteropus_rufus	GCA_028533765.1	Mammalia	196297	14	2	0.71	0.214285714285714	4.97	NA	NA
Mungos_mungo	GCA_028533875.1	Mammalia	210652	17	3	0.65	0.705882352941177	3.68333333333333	NA	NA
Nasua_narica	GCA_028533885.1	Mammalia	352831	16	2	0.88	0.625	7.04	NA	NA
Eulemur_mongoz	GCA_028534055.1	Mammalia	34828	18	2	0.67	0.555555555555556	6.03	NA	NA
Lama_glama	GCA_028534125.1	Mammalia	9844	12	2	0.75	0.416666666666667	4.5	12	3.25
Potos_flavus	GCA_028534135.1	Mammalia	29067	17	3	0.88	0.705882352941177	4.98666666666667	NA	NA
Coendou_prehensilis	GCA_028534165.1	Mammalia	187985	25	2	0.72	0.6	9	NA	NA
Tremarctos_ornatus	GCA_028551375.1	Mammalia	9638	17	2	0.88	0.647058823529412	7.48	NA	NA
Uromys_caudimaculatus	GCA_028551405.1	Mammalia	36800	36	3	0.69	0.666666666666667	8.28	NA	NA
Miopithecus_talapoin	GCA_028551445.1	Mammalia	36231	29	4	0.72	0.448275862068966	5.22	29	3.67
Pithecia_pithecia	GCA_028551515.1	Mammalia	43777	22	2	0.77	0.590909090909091	8.47	NA	NA
Eubalaena_glacialis	GCA_028564815.1	Mammalia	27606	1	NA	NA	NA	NA	NA	NA
Lithobates_sylvaticus	GCA_028564925.1	Anura	45438	248	10	1	0.854838709677419	24.8	NA	NA
Heterohyrax_brucei	GCA_028571685.1	Mammalia	77598	30	4	0.93	0.8	6.975	NA	NA
Macropus_fuliginosus	GCA_028583105.1	Mammalia	9316	31	4	0.48	0.32258064516129	3.72	NA	NA
Pogonophryne_albipinna	GCA_028583405.1	Actinopteri	1090488	2	0	NA	NA	NA	NA	NA
Eublepharis_macularius	GCA_028583425.1	Squamata	481883	22	3	0.91	0.909090909090909	6.67333333333333	22	2.34
Ovis_ammon_polii	GCA_028583565.1	Mammalia	230172	16	3	0.81	0.5	4.32	NA	NA
Vombatus_ursinus	GCA_028626985.1	Mammalia	29139	25	3	0.72	0.68	6	25	3.99
Pseudochirops_cupreus	GCA_028627135.1	Mammalia	37702	49	2	0.61	0.673469387755102	14.945	NA	NA
Eidolon_dupreanum	GCA_028627145.1	Mammalia	58063	14	2	0.86	0.5	6.02	NA	NA
Macropus_giganteus	GCA_028627215.1	Mammalia	9317	37	3	0.62	0.594594594594595	7.64666666666667	37	4.06
Cercopithecus_mitis	GCA_028627265.1	Mammalia	36225	25	4	0.8	0.52	5	NA	NA
Ahaetulla_prasina	GCA_028640845.1	Squamata	499056	2	1	1	1	2	NA	NA
Protonibea_diacanthus	GCA_028641955.1	Actinopteri	335060	3	0	NA	NA	NA	NA	NA
Xerus_rutilus	GCA_028644305.1	Mammalia	226860	18	2	0.83	0.611111111111111	7.47	NA	NA
Papio_papio	GCA_028645565.1	Mammalia	100937	31	4	0.74	0.645161290322581	5.735	NA	NA
Arctocephalus_townsendi	GCA_028646355.1	Mammalia	161921	3	1	0.67	0.666666666666667	2.01	NA	NA
Steno_bredanensis	GCA_028646385.1	Mammalia	46167	0	NA	NA	NA	NA	NA	NA
Rhinoceros_unicornis	GCA_028646465.1	Mammalia	9809	22	3	0.86	0.772727272727273	6.30666666666667	NA	NA
Cryptoprocta_ferox	GCA_028646485.1	Mammalia	94188	14	2	0.86	0.571428571428571	6.02	NA	NA
Pseudochirops_corinnae	GCA_028646515.1	Mammalia	65629	44	2	0.64	0.522727272727273	14.08	NA	NA
Procyon_lotor	GCA_028646535.1	Mammalia	9654	15	3	0.87	0.666666666666667	4.35	15	2.85
Pseudocheirus_occidentalis	GCA_028646575.1	Mammalia	656515	45	3	0.47	0.822222222222222	7.05	NA	NA
Phalanger_gymnotis	GCA_028646595.1	Mammalia	65615	43	3	0.56	0.558139534883721	8.02666666666667	NA	NA
Pachyuromys_duprasi	GCA_028658305.1	Mammalia	298894	27	4	0.85	0.62962962962963	5.7375	NA	NA
Zonotrichia_leucophrys	GCA_028769735.1	Aves	44393	13	3	1	1	4.33333333333333	13	1.32
Grus_americana	GCA_028858705.1	Aves	9117	3	0	NA	NA	NA	3	1.54
Colius_striatus	GCA_028858725.1	Aves	57412	4	1	0.75	0.75	3	NA	NA
Ara_ararauna	GCA_028858755.1	Aves	9226	2	0	NA	NA	NA	2	1.44333333333333
Pan_troglodytes	GCA_028858775.1	Mammalia	9598	26	3	0.92	0.769230769230769	7.97333333333333	26	3.675
Symphalangus_syndactylus	GCA_028878055.1	Mammalia	9590	22	3	0.86	0.636363636363636	6.30666666666667	NA	NA
Pongo_pygmaeus	GCA_028885625.1	Mammalia	9600	26	3	0.88	0.692307692307692	7.62666666666667	26	3.78666666666667
Pongo_abelii	GCA_028885655.1	Mammalia	9601	24	3	0.88	0.625	7.04	NA	NA
Pusa_sibirica	GCA_028975605.1	Mammalia	9719	6	1	0.67	0.5	4.02	NA	NA
Aythya_marila	GCA_029042245.1	Aves	189534	4	1	0.5	1	2	NA	NA
Rana_muscosa	GCA_029206835.1	Anura	160500	180	10	0.99	0.838888888888889	17.82	NA	NA
Pseudoliparis_swirei	GCA_029220125.1	Actinopteri	2059687	3	1	0.67	0.666666666666667	2.01	NA	NA
Karalla_daura	GCA_029224185.1	Actinopteri	334402	1	NA	NA	NA	NA	NA	NA
Gorilla_gorilla	GCA_029281585.1	Mammalia	9595	25	3	0.88	0.72	7.33333333333333	25	3.75
Pan_paniscus	GCA_029289425.1	Mammalia	9597	24	3	0.88	0.708333333333333	7.04	NA	NA
Bubalus_carabanensis	GCA_029407905.2	Mammalia	346063	18	3	0.89	0.777777777777778	5.34	NA	NA
Martes_flavigula	GCA_029410595.1	Mammalia	74864	15	2	0.93	0.733333333333333	6.975	NA	NA
Salvelinus_fontinalis	GCA_029448725.1	Actinopteri	8038	10	3	0.6	0.8	2	10	3.2175
Dallia_pectoralis	GCA_029465975.1	Actinopteri	75939	4	1	0.75	0.75	3	4	1.26
Euthynnus_affinis	GCA_029490765.1	Actinopteri	8227	3	1	0.67	0.666666666666667	2.01	NA	NA
Hyla_sarda	GCA_029499605.1	Anura	327740	126	8	0.98	0.896825396825397	15.435	NA	NA
Rana_kukunoris	GCA_029574335.1	Anura	670907	211	10	0.97	0.815165876777251	20.467	NA	NA
Oenanthe_melanoleuca	GCA_029582105.1	Aves	2939378	9	1	0.78	1	7.02	NA	NA
Acrossocheilus_wenchowensis	GCA_029620275.1	Actinopteri	1279364	4	0	NA	NA	NA	NA	NA
Lampris_incognitus	GCA_029633865.1	Actinopteri	2546036	1	NA	NA	NA	NA	NA	NA
Hoplias_malabaricus	GCA_029633875.1	Actinopteri	27720	4	1	0.75	0.75	3	4	1.28
Conger_conger	GCA_029692045.1	Actinopteri	82655	2	0	NA	NA	NA	2	1.66
Gymnothorax_javanicus	GCA_029692085.1	Actinopteri	473457	1	NA	NA	NA	NA	NA	NA
Synanceia_verrucosa	GCA_029721515.1	Actinopteri	51996	2	0	NA	NA	NA	2	0.89
Triplophysa_bombifrons	GCA_029783895.1	Actinopteri	1652672	5	2	0.8	0.8	2	NA	NA
Chelidonichthys_spinosus	GCA_029853015.1	Actinopteri	450224	1	NA	NA	NA	NA	NA	NA
Acomys_cahirinus	GCA_029890205.1	Mammalia	10068	30	3	0.9	0.833333333333333	9	30	2.64
Euleptes_europaea	GCA_029931775.1	Squamata	460621	52	3	0.98	0.980769230769231	16.9866666666667	NA	NA
Etheostoma_nigrum	GCA_029931835.1	Actinopteri	54337	1	NA	NA	NA	NA	NA	NA
Taenioides_sp._WSHXM2023	GCA_029959045.1	Actinopteri	3041818	1	NA	NA	NA	NA	NA	NA
Eretmochelys_imbricata	GCA_030012505.1	Testudines	27787	1	NA	NA	NA	NA	NA	NA
Tachysurus_vachellii	GCA_030014155.1	Actinopteri	175792	7	2	0.43	0.428571428571429	1.505	NA	NA
Loxodonta_africana	GCA_030014295.1	Mammalia	9785	22	3	0.86	0.727272727272727	6.30666666666667	22	4.33333333333333
Trichomycterus_rosablanca	GCA_030014385.1	Actinopteri	2290929	8	2	0.75	0.75	3	NA	NA
Cynopterus_sphinx	GCA_030015415.1	Mammalia	9400	15	2	0.87	0.666666666666667	6.525	15	2.27
Gavialis_gangeticus	GCA_030020295.1	Crocodylia	94835	7	2	0.71	0.714285714285714	2.485	NA	NA
Manis_pentadactyla	GCA_030020395.1	Mammalia	143292	2	0	NA	NA	NA	NA	NA
Hippopotamus_amphibius_kiboko	GCA_030028045.1	Mammalia	575201	11	3	0.82	0.727272727272727	3.00666666666667	NA	NA
Dugong_dugon	GCA_030035585.1	Mammalia	29137	11	3	0.82	0.363636363636364	3.00666666666667	NA	NA
Rhineura_floridana	GCA_030035675.1	Squamata	261503	11	3	0.91	0.636363636363636	3.33666666666667	NA	NA
Mobula_birostris	GCA_030035685.1	Chondrichthyes	1983395	0	NA	NA	NA	NA	NA	NA
Mus_caroli	GCA_900094665.2	Mammalia	10089	36	4	0.89	0.805555555555556	8.01	36	3.02
Mus_pahari	GCA_900095145.2	Mammalia	10093	36	4	0.86	0.694444444444444	7.74	NA	NA
Astatotilapia_calliptera	GCA_900246225.5	Actinopteri	8154	1	NA	NA	NA	NA	NA	NA
Anabas_testudineus	GCA_900324465.3	Actinopteri	64144	1	NA	NA	NA	NA	NA	NA
Mastacembelus_armatus	GCA_900324485.3	Actinopteri	205130	3	1	0.67	0.666666666666667	2.01	NA	NA
Aquila_chrysaetos	GCA_900496995.4	Aves	223781	2	0	NA	NA	NA	NA	NA
Cottoperca_gobio	GCA_900634415.1	Actinopteri	56716	2	0	NA	NA	NA	NA	NA
Parambassis_ranga	GCA_900634625.2	Actinopteri	210632	2	0	NA	NA	NA	NA	NA
Gouania_willdenowi	GCA_900634775.2	Actinopteri	441366	5	1	0.8	0.8	4	NA	NA
Betta_splendens	GCA_900634795.4	Actinopteri	158456	1	NA	NA	NA	NA	1	0.636666666666667
Denticeps_clupeoides	GCA_900700375.2	Actinopteri	299321	9	2	0.89	0.888888888888889	4.005	NA	NA
Clupea_harengus	GCA_900700415.2	Actinopteri	7950	4	0	NA	NA	NA	NA	NA
Erpetoichthys_calabaricus	GCA_900747795.4	Cladistia	27687	1	NA	NA	NA	NA	1	4.715
Sparus_aurata	GCA_900880675.2	Actinopteri	8175	3	1	0.67	0.666666666666667	2.01	3	0.95
Echeneis_naucrates	GCA_900963305.2	Actinopteri	173247	1	NA	NA	NA	NA	1	0.7
Scleropages_formosus	GCA_900964775.1	Actinopteri	113540	15	1	0.87	0.866666666666667	13.05	NA	NA
Takifugu_rubripes	GCA_901000725.3	Actinopteri	31033	4	1	0.5	0.5	2	4	0.4
Rhinatrema_bivittatum	GCA_901001135.2	Gymnophiona	194408	16	3	0.88	0.625	4.69333333333333	NA	NA
Salmo_trutta	GCA_901001165.2	Actinopteri	8032	14	4	0.71	0.642857142857143	2.485	NA	NA
Streptopelia_turtur	GCA_901699155.2	Aves	177155	1	NA	NA	NA	NA	1	1.23
Syngnathus_acus	GCA_901709675.2	Actinopteri	161584	1	NA	NA	NA	NA	NA	NA
Microcaecilia_unicolor	GCA_901765095.2	Gymnophiona	1415580	28	2	0.93	1	13.02	NA	NA
Camarhynchus_parvulus	GCA_901933205.1	Aves	87175	5	2	0.8	0.6	2	NA	NA
Salarias_fasciatus	GCA_902148845.1	Actinopteri	181472	2	0	NA	NA	NA	2	0.83
Sphaeramia_orbicularis	GCA_902148855.1	Actinopteri	375764	5	1	0.8	0.8	4	NA	NA
Myripristis_murdjan	GCA_902150065.1	Actinopteri	586833	3	1	0.67	0.666666666666667	2.01	NA	NA
Gadus_morhua	GCA_902167405.1	Actinopteri	8049	2	0	NA	NA	NA	2	0.665
Chanos_chanos	GCA_902362185.1	Actinopteri	29144	7	3	1	1	2.33333333333333	NA	NA
Geotrypetes_seraphini	GCA_902459505.2	Gymnophiona	260995	3	0	NA	NA	NA	3	4.69
Thalassophryne_amazonica	GCA_902500255.1	Actinopteri	390379	4	1	0.75	0.75	3	NA	NA
Sarcophilus_harrisii	GCA_902635505.1	Mammalia	9305	19	3	0.84	0.736842105263158	5.32	19	3.31
Lutra_lutra	GCA_902655055.2	Mammalia	9657	12	2	0.92	0.666666666666667	5.52	NA	NA
Neostethus_bicornis	GCA_902685375.1	Actinopteri	300306	7	1	0.86	0.857142857142857	6.02	NA	NA
Sciurus_carolinensis	GCA_902686445.2	Mammalia	30640	27	3	0.89	0.777777777777778	8.01	27	4.82
Sciurus_vulgaris	GCA_902686455.2	Mammalia	55149	25	3	0.88	0.8	7.33333333333333	NA	NA
Acipenser_ruthenus	GCA_902713425.2	Actinopteri	7906	12	3	0.5	0.666666666666667	2	12	1.865
Scyliorhinus_canicula	GCA_902713615.2	Chondrichthyes	7830	0	NA	NA	NA	NA	0	6.575
Pseudochaenichthys_georgianus	GCA_902827115.2	Actinopteri	52239	1	NA	NA	NA	NA	NA	NA
Erithacus_rubecula	GCA_903797595.2	Aves	37610	11	2	0.91	0.909090909090909	5.005	11	1.82
Danio_aesculapii	GCA_903798145.1	Actinopteri	1142201	8	2	0.75	0.75	3	NA	NA
Danio_kyathit	GCA_903798195.1	Actinopteri	242068	8	2	0.75	0.75	3	NA	NA
Arvicola_amphibius	GCA_903992535.2	Mammalia	1047088	45	3	0.91	0.844444444444444	13.65	NA	NA
Pipistrellus_pipistrellus	GCA_903992545.1	Mammalia	59474	35	3	0.94	0.857142857142857	10.9666666666667	NA	NA
Onychomys_torridus	GCA_903995425.1	Mammalia	38674	33	4	0.88	0.696969696969697	7.26	NA	NA
Acomys_russatus	GCA_903995435.1	Mammalia	60746	32	3	0.91	0.8125	9.70666666666667	NA	NA
Acanthopagrus_latus	GCA_904848185.1	Actinopteri	8177	3	1	0.67	0.666666666666667	2.01	NA	NA
Trachurus_trachurus	GCA_905171665.2	Actinopteri	36212	2	0	NA	NA	NA	NA	NA
Bufo_bufo	GCA_905171765.1	Anura	8384	106	8	0.97	0.839622641509434	12.8525	106	6.68727272727273
Rana_temporaria	GCA_905171775.1	Anura	8407	202	7	0.99	0.881188118811881	28.5685714285714	202	4.263
Salmo_salar	GCA_905237065.2	Actinopteri	8030	12	3	0.67	0.333333333333333	2.68	12	3.11666666666667
Canis_lupus	GCA_905319855.2	Mammalia	9612	17	2	0.88	0.764705882352941	7.48	17	2.81
Acomys_dimidiatus	GCA_907164435.1	Mammalia	60744	30	3	0.83	0.733333333333333	8.3	NA	NA
Caprimulgus_europaeus	GCA_907165065.1	Aves	111811	5	1	0.6	1	3	NA	NA
Taurulus_bubalis	GCA_910589615.1	Actinopteri	61643	3	1	0.67	0.666666666666667	2.01	NA	NA
Pholis_gunnellus	GCA_910591455.2	Actinopteri	56726	5	1	0.8	0.8	4	5	0.72
Cervus_elaphus	GCA_910594005.1	Mammalia	9860	24	4	0.83	0.708333333333333	4.98	NA	NA
Thunnus_maccoyii	GCA_910596095.1	Actinopteri	8240	1	NA	NA	NA	NA	NA	NA
Acrocephalus_scirpaceus	GCA_910950805.1	Aves	126889	14	2	0.93	0.928571428571429	6.51	NA	NA
Thunnus_albacares	GCA_914725855.1	Actinopteri	8236	2	0	NA	NA	NA	2	0.9
Mus_spretus	GCA_921997135.2	Mammalia	10096	35	4	0.89	0.8	7.7875	35	3.68
Meles_meles	GCA_922984935.2	Mammalia	9662	17	2	0.88	0.764705882352941	7.48	NA	NA
Accipiter_gentilis	GCA_929443795.2	Aves	8957	2	0	NA	NA	NA	NA	NA
Telmatherina_bonti	GCA_933228915.1	Actinopteri	446457	3	1	0.67	0.666666666666667	2.01	NA	NA
Barbus_barbus	GCA_936440315.1	Actinopteri	40830	6	0	NA	NA	NA	6	1.8025
Orcinus_orca	GCA_937001465.1	Mammalia	9733	0	NA	NA	NA	NA	NA	NA
Heterocephalus_glaber	GCA_944319715.1	Mammalia	10181	19	4	0.95	0.684210526315789	4.5125	19	2.9
Argyrosomus_regius	GCA_946959425.1	Actinopteri	172269	3	1	0.67	0.666666666666667	2.01	NA	NA
Barbatula_barbatula	GCA_947034865.1	Actinopteri	135647	4	1	0.5	1	2	4	0.54
Apodemus_sylvaticus	GCA_947179515.1	Mammalia	10129	38	5	0.87	0.815789473684211	6.612	38	3.35
Vipera_ursinii	GCA_947247035.1	Squamata	103942	1	NA	NA	NA	NA	NA	NA
Pleuronectes_platessa	GCA_947347685.1	Actinopteri	8262	2	0	NA	NA	NA	NA	NA
Haliaeetus_albicilla	GCA_947461875.1	Aves	8969	2	0	NA	NA	NA	NA	NA
Symphodus_melops	GCA_947650265.1	Actinopteri	171736	4	1	0.5	0.75	2	NA	NA
Phoxinus_phoxinus	GCA_949152265.1	Actinopteri	58324	3	0	NA	NA	NA	3	1.15
Platichthys_flesus	GCA_949316205.1	Actinopteri	8260	4	1	0.75	0.75	3	NA	NA
Pungitius_pungitius	GCA_949316345.1	Actinopteri	134920	3	1	0.67	0.666666666666667	2.01	NA	NA
Gobio_gobio	GCA_949357685.1	Actinopteri	27704	3	0	NA	NA	NA	3	1.59333333333333
Notothenia_rossii	GCA_949606895.1	Actinopteri	101497	2	0	NA	NA	NA	NA	NA
Phalacrocorax_aristotelis	GCA_949628215.1	Aves	126867	1	NA	NA	NA	NA	NA	NA
Melanostigma_gelatinosum	GCA_949748355.1	Actinopteri	1091424	4	1	0.75	0.75	3	NA	NA
Hyperoodon_ampullatus	GCA_949752795.1	Mammalia	48744	0	NA	NA	NA	NA	NA	NA
Lagenorhynchus_albirostris	GCA_949774975.1	Mammalia	27610	0	NA	NA	NA	NA	NA	NA
Onychomys_leucogaster	GCA_949786385.1	Mammalia	38668	35	4	0.86	0.771428571428571	7.525	NA	NA
Onychomys_arenicola	GCA_949786405.1	Mammalia	38679	35	4	0.86	0.771428571428571	7.525	NA	NA
Peromyscus_eremicus	GCA_949786415.1	Mammalia	42410	39	4	0.87	0.82051282051282	8.4825	39	3.3
Sylvilagus_floridanus	GCA_949820135.1	Mammalia	9988	31	3	0.9	0.709677419354839	9.3	NA	NA
Balaenoptera_acutorostrata	GCA_949987535.1	Mammalia	9767	0	NA	NA	NA	NA	NA	NA
Borostomias_antarcticus	GCA_949987555.1	Actinopteri	473354	1	NA	NA	NA	NA	NA	NA
Pollachius_pollachius	GCA_949987615.1	Actinopteri	185739	4	1	1	1	4	NA	NA
Ammodytes_marinus	GCA_949987685.1	Actinopteri	146480	4	1	0.75	0.75	3	NA	NA
Erinaceus_europaeus	GCA_950295315.1	Mammalia	9365	24	3	0.96	0.833333333333333	7.68	24	3.66
Electrona_antarctica	GCA_951216825.1	Actinopteri	206093	0	NA	NA	NA	NA	NA	NA
Eptesicus_nilssonii	GCA_951640355.1	Mammalia	59451	27	3	0.93	0.740740740740741	8.37	NA	NA
